time_s,C0 control,M1 acoustic,M2 vortex,M3 water mist
0.0,16.62634615384615,15.97230769230769,16.213269230769228,16.05836538461538
0.009433962264150943,16.62634615384615,16.041153846153843,16.213269230769228,16.144423076923076
0.018867924528301886,16.62634615384615,16.109999999999996,16.213269230769228,16.213269230769228
0.02830188679245283,16.62634615384615,16.185730769230766,16.213269230769228,16.31653846153846
0.03773584905660377,16.62634615384615,16.261461538461536,16.28211538461538,16.385384615384613
0.04716981132075471,16.62634615384615,16.337192307692305,16.368173076923075,16.488653846153845
0.05660377358490566,16.62634615384615,16.412923076923075,16.454230769230765,16.557499999999997
0.0660377358490566,16.62634615384615,16.488653846153845,16.54028846153846,16.66076923076923
0.07547169811320754,16.62634615384615,16.56438461538461,16.609134615384612,16.729615384615382
0.08490566037735849,16.62634615384615,16.64011538461538,16.695192307692306,16.815673076923073
0.09433962264150943,16.62634615384615,16.71584615384615,16.76403846153846,16.86730769230769
0.10377358490566037,16.62634615384615,16.79157692307692,16.815673076923073,16.88451923076923
0.11320754716981132,16.62634615384615,16.86730769230769,16.832884615384614,16.918942307692305
0.12264150943396226,16.62634615384615,16.88451923076923,16.850096153846152,16.936153846153843
0.1320754716981132,16.62634615384615,16.901730769230767,16.86730769230769,16.95336538461538
0.14150943396226415,16.62634615384615,16.936153846153843,16.88451923076923,16.987788461538457
0.1509433962264151,16.62634615384615,16.97057692307692,16.901730769230767,17.022211538461537
0.16037735849056603,16.62634615384615,17.039423076923075,16.901730769230767,17.039423076923075
0.16981132075471697,16.62634615384615,17.108269230769228,16.918942307692305,17.056634615384613
0.1792452830188679,16.62634615384615,17.142692307692304,16.936153846153843,17.09105769230769
0.18867924528301885,16.62634615384615,17.17711538461538,16.95336538461538,17.108269230769228
0.1981132075471698,16.62634615384615,17.17711538461538,16.97057692307692,17.125480769230766
0.20754716981132074,16.62634615384615,17.159903846153842,16.987788461538457,17.108269230769228
0.21698113207547168,16.62634615384615,17.142692307692304,16.97057692307692,17.09105769230769
0.22641509433962265,16.62634615384615,17.108269230769228,16.97057692307692,17.056634615384613
0.2358490566037736,16.62634615384615,17.108269230769228,16.97057692307692,17.039423076923075
0.24528301886792453,16.62634615384615,17.09105769230769,16.97057692307692,17.022211538461537
0.25471698113207547,16.62634615384615,17.07384615384615,16.97057692307692,16.987788461538457
0.2641509433962264,16.62634615384615,17.07384615384615,16.97057692307692,16.97057692307692
0.27358490566037735,16.62634615384615,17.039423076923075,16.97057692307692,16.95336538461538
0.2830188679245283,16.62634615384615,17.039423076923075,16.97057692307692,16.918942307692305
0.29245283018867924,16.62634615384615,17.022211538461537,16.97057692307692,16.901730769230767
0.3018867924528302,16.62634615384615,17.022211538461537,16.95336538461538,16.86730769230769
0.3113207547169811,16.62634615384615,16.987788461538457,16.936153846153843,16.832884615384614
0.32075471698113206,16.62634615384615,16.936153846153843,16.936153846153843,16.815673076923073
0.330188679245283,16.62634615384615,16.86730769230769,16.918942307692305,16.781249999999996
0.33962264150943394,16.62634615384615,16.86730769230769,16.901730769230767,16.76403846153846
0.3490566037735849,16.62634615384615,16.850096153846152,16.901730769230767,16.729615384615382
0.3584905660377358,16.62634615384615,16.815673076923073,16.901730769230767,16.695192307692306
0.36792452830188677,16.62634615384615,16.798461538461535,16.88451923076923,16.66076923076923
0.3773584905660377,16.62634615384615,16.76403846153846,16.86730769230769,16.643557692307688
0.38679245283018865,16.62634615384615,16.729615384615382,16.86730769230769,16.609134615384612
0.3962264150943396,16.62634615384615,16.695192307692306,16.850096153846152,16.591923076923074
0.40566037735849053,16.62634615384615,16.677980769230768,16.832884615384614,16.557499999999997
0.4150943396226415,16.62634615384615,16.643557692307688,16.815673076923073,16.54028846153846
0.4245283018867924,16.62634615384615,16.62634615384615,16.781249999999996,16.52307692307692
0.43396226415094336,16.591923076923074,16.609134615384612,16.76403846153846,16.52307692307692
0.4433962264150943,16.557499999999997,16.591923076923074,16.74682692307692,16.52307692307692
0.4528301886792453,16.591923076923074,16.557499999999997,16.712403846153844,16.505865384615383
0.46226415094339623,16.54602564102564,16.54028846153846,16.677980769230768,16.488653846153845
0.4716981132075472,16.500128205128203,16.52307692307692,16.66076923076923,16.488653846153845
0.4811320754716981,16.454230769230765,16.52307692307692,16.643557692307688,16.488653846153845
0.49056603773584906,16.454230769230765,16.494391025641022,16.609134615384612,16.488653846153845
0.5,16.41980769230769,16.465705128205126,16.591923076923074,16.471442307692303
0.5094339622641509,16.385384615384613,16.437019230769227,16.557499999999997,16.488653846153845
0.5188679245283019,16.31653846153846,16.385384615384613,16.54028846153846,16.488653846153845
0.5283018867924528,16.247692307692304,16.31653846153846,16.52307692307692,16.488653846153845
0.5377358490566038,16.178846153846152,16.247692307692304,16.488653846153845,16.488653846153845
0.5471698113207547,16.109999999999996,16.178846153846152,16.454230769230765,16.488653846153845
0.5566037735849056,16.041153846153843,16.109999999999996,16.437019230769227,16.52307692307692
0.5660377358490566,15.97230769230769,16.041153846153843,16.41980769230769,16.52307692307692
0.5754716981132075,15.903461538461535,15.97230769230769,16.40259615384615,16.52307692307692
0.5849056603773585,15.834615384615383,15.903461538461535,16.368173076923075,16.52307692307692
0.5943396226415094,15.765769230769228,15.817403846153843,16.350961538461537,16.52307692307692
0.6037735849056604,15.696923076923074,15.765769230769228,16.33375,16.54028846153846
0.6132075471698113,15.74855769230769,15.800192307692305,16.31653846153846,16.52307692307692
0.6226415094339622,15.800192307692305,15.886249999999997,16.31653846153846,16.52307692307692
0.6320754716981132,15.869038461538459,15.955096153846151,16.31653846153846,16.52307692307692
0.6415094339622641,15.937884615384613,16.006730769230767,16.31653846153846,16.52307692307692
0.6509433962264151,15.989519230769227,16.07557692307692,16.31653846153846,16.505865384615383
0.660377358490566,16.05836538461538,16.144423076923076,16.31653846153846,16.488653846153845
0.6698113207547169,16.109999999999996,16.19605769230769,16.31653846153846,16.488653846153845
0.6792452830188679,16.161634615384614,16.247692307692304,16.31653846153846,16.488653846153845
0.6886792452830188,16.230480769230766,16.350961538461537,16.31653846153846,16.488653846153845
0.6981132075471698,16.23222686733556,16.40259615384615,16.31653846153846,16.471442307692303
0.7075471698113207,16.233972965440355,16.454230769230765,16.350961538461537,16.454230769230765
0.7169811320754716,16.235719063545147,16.505865384615383,16.350961538461537,16.41980769230769
0.7264150943396226,16.23746516164994,16.54028846153846,16.454230769230765,16.368173076923075
0.7358490566037735,16.239211259754736,16.574711538461536,16.454230769230765,16.33375
0.7452830188679245,16.240957357859532,16.62634615384615,16.505865384615383,16.28211538461538
0.7547169811320754,16.242703455964325,16.677980769230768,16.557499999999997,16.247692307692304
0.7641509433962264,16.244449554069117,16.712403846153844,16.591923076923074,16.213269230769228
0.7735849056603773,16.24619565217391,16.781249999999996,16.62634615384615,16.161634615384614
0.7830188679245282,16.247941750278706,16.815673076923073,16.66076923076923,16.127211538461538
0.7924528301886792,16.2496878483835,16.850096153846152,16.695192307692306,16.07557692307692
0.8018867924528301,16.25143394648829,16.850096153846152,16.712403846153844,16.07557692307692
0.8113207547169811,16.253180044593083,16.850096153846152,16.695192307692306,16.144423076923076
0.820754716981132,16.25492614269788,16.850096153846152,16.66076923076923,16.247692307692304
0.830188679245283,16.256672240802672,16.850096153846152,16.62634615384615,16.33375
0.8396226415094339,16.258418338907468,16.850096153846152,16.591923076923074,16.41980769230769
0.8490566037735848,16.26016443701226,16.850096153846152,16.591923076923074,16.488653846153845
0.8584905660377358,16.261910535117053,16.850096153846152,16.54889423076923,16.574711538461536
0.8679245283018867,16.263656633221846,16.850096153846152,16.505865384615383,16.66076923076923
0.8773584905660377,16.265402731326642,16.850096153846152,16.488653846153845,16.74682692307692
0.8867924528301886,16.267148829431438,16.844358974358972,16.454230769230765,16.815673076923073
0.8962264150943395,16.26889492753623,16.83862179487179,16.41980769230769,16.88451923076923
0.9056603773584906,16.270641025641023,16.832884615384614,16.385384615384613,16.918942307692305
0.9150943396226415,16.272387123745816,16.832884615384614,16.40259615384615,16.97057692307692
0.9245283018867925,16.27413322185061,16.832884615384614,16.437019230769227,17.022211538461537
0.9339622641509434,16.275879319955404,16.832884615384614,16.454230769230765,17.056634615384613
0.9433962264150944,16.277625418060197,16.832884615384614,16.471442307692303,17.108269230769228
0.9528301886792453,16.279371516164993,16.798461538461535,16.505865384615383,17.159903846153842
0.9622641509433962,16.281117614269785,16.798461538461535,16.52307692307692,17.194326923076922
0.9716981132075472,16.282863712374578,16.798461538461535,16.54028846153846,17.245961538461536
0.9811320754716981,16.284609810479374,16.798461538461535,16.574711538461536,17.29759615384615
0.9905660377358491,16.286355908584166,16.798461538461535,16.591923076923074,17.332019230769227
1.0,16.28810200668896,16.781249999999996,16.609134615384612,17.366442307692306
1.0094339622641508,16.289848104793755,16.781249999999996,16.62634615384615,17.332019230769227
1.0188679245283019,16.291594202898548,16.74682692307692,16.62634615384615,17.263173076923074
1.0283018867924527,16.293340301003344,16.729615384615382,16.66076923076923,17.194326923076922
1.0377358490566038,16.295086399108136,16.712403846153844,16.66076923076923,17.125480769230766
1.0471698113207546,16.29683249721293,16.677980769230768,16.677980769230768,17.056634615384613
1.0566037735849056,16.298578595317725,16.643557692307688,16.695192307692306,16.987788461538457
1.0660377358490565,16.300324693422517,16.643557692307688,16.695192307692306,16.918942307692305
1.0754716981132075,16.30207079152731,16.609134615384612,16.729615384615382,16.850096153846152
1.0849056603773584,16.303816889632103,16.591923076923074,16.735352564102563,16.781249999999996
1.0943396226415094,16.3055629877369,16.574711538461536,16.74108974358974,16.712403846153844
1.1037735849056602,16.30730908584169,16.52307692307692,16.74682692307692,16.62634615384615
1.1132075471698113,16.309055183946487,16.511602564102564,16.695192307692306,16.557499999999997
1.1226415094339621,16.31080128205128,16.500128205128203,16.66076923076923,16.471442307692303
1.1320754716981132,16.312547380156072,16.488653846153845,16.62634615384615,16.385384615384613
1.141509433962264,16.314293478260865,16.471442307692303,16.591923076923074,16.29932692307692
1.150943396226415,16.31603957636566,16.454230769230765,16.557499999999997,16.213269230769228
1.160377358490566,16.317785674470457,16.437019230769227,16.52307692307692,16.144423076923076
1.169811320754717,16.31953177257525,16.41980769230769,16.488653846153845,16.05836538461538
1.1792452830188678,16.321277870680042,16.385384615384613,16.454230769230765,15.97230769230769
1.1886792452830188,16.323023968784835,16.37161538461538,16.41980769230769,15.85182692307692
1.1981132075471697,16.32477006688963,16.35784615384615,16.385384615384613,15.817403846153843
1.2075471698113207,16.326516164994423,16.34407692307692,16.350961538461537,15.85182692307692
1.2169811320754718,16.328262263099216,16.330307692307688,16.33375,15.955096153846151
1.2264150943396226,16.330008361204012,16.31653846153846,16.31653846153846,16.023942307692305
1.2358490566037736,16.331754459308804,16.28211538461538,16.31653846153846,16.092788461538458
1.2452830188679245,16.333500557413597,16.28211538461538,16.31653846153846,16.178846153846152
1.2547169811320755,16.335246655518393,16.256298076923073,16.31653846153846,16.264903846153842
1.2641509433962264,16.336992753623186,16.230480769230766,16.31653846153846,16.33375
1.2735849056603774,16.338738851727978,16.19605769230769,16.31653846153846,16.40259615384615
1.2830188679245282,16.340484949832774,16.178846153846152,16.31653846153846,16.471442307692303
1.2924528301886793,16.342231047937567,16.161634615384614,16.31653846153846,16.557499999999997
1.3018867924528301,16.343977146042363,16.144423076923076,16.29932692307692,16.62634615384615
1.3113207547169812,16.345723244147155,16.178846153846152,16.31653846153846,16.712403846153844
1.320754716981132,16.347469342251948,16.213269230769228,16.31653846153846,16.781249999999996
1.330188679245283,16.349215440356744,16.247692307692304,16.31653846153846,16.850096153846152
1.3396226415094339,16.350961538461537,16.264903846153842,16.31653846153846,16.918942307692305
1.349056603773585,16.385384615384613,16.28211538461538,16.33375,16.987788461538457
1.3584905660377358,16.40259615384615,16.31653846153846,16.350961538461537,17.056634615384613
1.3679245283018868,16.437019230769227,16.350961538461537,16.350961538461537,17.125480769230766
1.3773584905660377,16.471442307692303,16.40259615384615,16.350961538461537,17.194326923076922
1.3867924528301887,16.505865384615383,16.437019230769227,16.368173076923075,17.263173076923074
1.3962264150943395,16.54028846153846,16.488653846153845,16.40259615384615,17.29759615384615
1.4056603773584906,16.591923076923074,16.557499999999997,16.454230769230765,17.263173076923074
1.4150943396226414,16.643557692307688,16.609134615384612,16.52307692307692,17.21153846153846
1.4245283018867925,16.695192307692306,16.66076923076923,16.574711538461536,17.142692307692304
1.4339622641509433,16.729615384615382,16.695192307692306,16.643557692307688,17.09105769230769
1.4433962264150944,16.75912087912088,16.729615384615382,16.695192307692306,17.022211538461537
1.4528301886792452,16.78862637362637,16.76403846153846,16.74682692307692,16.97057692307692
1.4622641509433962,16.818131868131864,16.798461538461535,16.798461538461535,16.918942307692305
1.471698113207547,16.84763736263736,16.832884615384614,16.936153846153843,16.850096153846152
1.4811320754716981,16.877142857142854,16.86730769230769,16.95336538461538,16.798461538461535
1.490566037735849,16.906648351648347,16.901730769230767,16.987788461538457,16.729615384615382
1.5,16.936153846153843,16.97057692307692,17.022211538461537,16.677980769230768
1.5094339622641508,16.918942307692305,16.987788461538457,17.039423076923075,16.643557692307688
1.5188679245283019,16.901730769230767,16.95336538461538,17.056634615384613,16.609134615384612
1.5283018867924527,16.86730769230769,16.936153846153843,17.07384615384615,16.591923076923074
1.5377358490566038,16.850096153846152,16.918942307692305,17.09105769230769,16.574711538461536
1.5471698113207546,16.832884615384614,16.88451923076923,17.108269230769228,16.557499999999997
1.5566037735849056,16.815673076923073,16.88451923076923,17.108269230769228,16.52307692307692
1.5660377358490565,16.781249999999996,16.850096153846152,17.125480769230766,16.505865384615383
1.5754716981132075,16.76403846153846,16.832884615384614,17.142692307692304,16.488653846153845
1.5849056603773584,16.74682692307692,16.815673076923073,17.159903846153842,16.471442307692303
1.5943396226415094,16.712403846153844,16.781249999999996,17.17711538461538,16.454230769230765
1.6037735849056602,16.677980769230768,16.76403846153846,17.194326923076922,16.437019230769227
1.6132075471698113,16.62634615384615,16.712403846153844,17.159903846153842,16.41980769230769
1.6226415094339621,16.591923076923074,16.677980769230768,17.09105769230769,16.368173076923075
1.6320754716981132,16.557499999999997,16.62634615384615,17.022211538461537,16.33375
1.641509433962264,16.52307692307692,16.591923076923074,16.95336538461538,16.28211538461538
1.650943396226415,16.498489010989008,16.54028846153846,16.86730769230769,16.230480769230766
1.660377358490566,16.473901098901095,16.505865384615383,16.798461538461535,16.19605769230769
1.669811320754717,16.449313186813185,16.454230769230765,16.712403846153844,16.144423076923076
1.6792452830188678,16.424725274725272,16.41980769230769,16.643557692307688,16.092788461538458
1.6886792452830188,16.40013736263736,16.368173076923075,16.574711538461536,16.05836538461538
1.6981132075471697,16.37554945054945,16.33375,16.488653846153845,16.041153846153843
1.7075471698113207,16.350961538461537,16.28211538461538,16.471442307692303,16.109999999999996
1.7169811320754715,16.350961538461537,16.28211538461538,16.454230769230765,16.19605769230769
1.7264150943396226,16.350961538461537,16.29358974358974,16.454230769230765,16.264903846153842
1.7358490566037734,16.350961538461537,16.3050641025641,16.454230769230765,16.33375
1.7452830188679245,16.350961538461537,16.31653846153846,16.454230769230765,16.40259615384615
1.7547169811320753,16.350961538461537,16.350961538461537,16.454230769230765,16.471442307692303
1.7641509433962264,16.350961538461537,16.350961538461537,16.454230769230765,16.54028846153846
1.7735849056603772,16.350961538461537,16.368173076923075,16.454230769230765,16.609134615384612
1.7830188679245282,16.350961538461537,16.40259615384615,16.454230769230765,16.677980769230768
1.792452830188679,16.350961538461537,16.40259615384615,16.471442307692303,16.74682692307692
1.8018867924528301,16.368173076923075,16.454230769230765,16.454230769230765,16.781249999999996
1.8113207547169812,16.41120192307692,16.505865384615383,16.41980769230769,16.798461538461535
1.820754716981132,16.454230769230765,16.52307692307692,16.385384615384613,16.798461538461535
1.830188679245283,16.488653846153845,16.557499999999997,16.350961538461537,16.815673076923073
1.8396226415094339,16.52307692307692,16.574711538461536,16.33375,16.832884615384614
1.849056603773585,16.609134615384612,16.609134615384612,16.29932692307692,16.832884615384614
1.8584905660377358,16.695192307692306,16.62634615384615,16.264903846153842,16.832884615384614
1.8679245283018868,16.729615384615382,16.66076923076923,16.247692307692304,16.850096153846152
1.8773584905660377,16.781249999999996,16.695192307692306,16.213269230769228,16.86730769230769
1.8867924528301887,16.815673076923073,16.729615384615382,16.178846153846152,16.86730769230769
1.8962264150943395,16.832884615384614,16.76403846153846,16.144423076923076,16.88451923076923
1.9056603773584906,16.832884615384614,16.781249999999996,16.178846153846152,16.86730769230769
1.9150943396226414,16.850096153846152,16.798461538461535,16.19605769230769,16.850096153846152
1.9245283018867925,16.86730769230769,16.798461538461535,16.230480769230766,16.832884615384614
1.9339622641509433,16.86730769230769,16.815673076923073,16.247692307692304,16.815673076923073
1.9433962264150944,16.86730769230769,16.832884615384614,16.28211538461538,16.798461538461535
1.9528301886792452,16.86730769230769,16.850096153846152,16.31653846153846,16.76403846153846
1.9622641509433962,16.86730769230769,16.86730769230769,16.33375,16.74682692307692
1.971698113207547,16.86730769230769,16.86730769230769,16.368173076923075,16.729615384615382
1.9811320754716981,16.86730769230769,16.901730769230767,16.385384615384613,16.712403846153844
1.990566037735849,16.86730769230769,16.901730769230767,16.41980769230769,16.695192307692306
2.0,16.86730769230769,16.918942307692305,16.471442307692303,16.677980769230768
2.009433962264151,16.798461538461535,16.88451923076923,16.54028846153846,16.66076923076923
2.0188679245283017,16.729615384615382,16.815673076923073,16.591923076923074,16.66076923076923
2.0283018867924527,16.675521978021976,16.781249999999996,16.695192307692306,16.66076923076923
2.0377358490566038,16.62142857142857,16.609134615384612,16.74682692307692,16.66076923076923
2.047169811320755,16.56733516483516,16.557499999999997,16.815673076923073,16.643557692307688
2.0566037735849054,16.513241758241755,16.505865384615383,16.88451923076923,16.62634615384615
2.0660377358490565,16.45914835164835,16.41980769230769,16.95336538461538,16.62634615384615
2.0754716981132075,16.405054945054943,16.350961538461537,17.022211538461537,16.62634615384615
2.0849056603773586,16.350961538461537,16.264903846153842,17.09105769230769,16.62634615384615
2.094339622641509,16.19605769230769,16.178846153846152,17.142692307692304,16.609134615384612
2.1037735849056602,16.213269230769228,16.109999999999996,17.17711538461538,16.591923076923074
2.1132075471698113,16.144423076923076,16.092788461538458,17.142692307692304,16.591923076923074
2.1226415094339623,16.178846153846152,16.127211538461538,17.09105769230769,16.591923076923074
2.132075471698113,16.19605769230769,16.144423076923076,17.022211538461537,16.574711538461536
2.141509433962264,16.213269230769228,16.161634615384614,16.95336538461538,16.557499999999997
2.150943396226415,16.236217948717943,16.19605769230769,16.901730769230767,16.557499999999997
2.160377358490566,16.259166666666662,16.213269230769228,16.832884615384614,16.54028846153846
2.1698113207547167,16.28211538461538,16.230480769230766,16.781249999999996,16.52307692307692
2.1792452830188678,16.29358974358974,16.264903846153842,16.712403846153844,16.52307692307692
2.188679245283019,16.3050641025641,16.28211538461538,16.643557692307688,16.52307692307692
2.19811320754717,16.31653846153846,16.31653846153846,16.591923076923074,16.505865384615383
2.2075471698113205,16.328012820512818,16.350961538461537,16.54028846153846,16.488653846153845
2.2169811320754715,16.33948717948718,16.368173076923075,16.52307692307692,16.471442307692303
2.2264150943396226,16.350961538461537,16.385384615384613,16.454230769230765,16.454230769230765
2.2358490566037736,16.376778846153844,16.428413461538458,16.385384615384613,16.437019230769227
2.2452830188679243,16.40259615384615,16.471442307692303,16.368173076923075,16.41980769230769
2.2547169811320753,16.428413461538458,16.488653846153845,16.350961538461537,16.41980769230769
2.2641509433962264,16.454230769230765,16.505865384615383,16.31653846153846,16.40259615384615
2.2735849056603774,16.488653846153845,16.54028846153846,16.28211538461538,16.385384615384613
2.283018867924528,16.505865384615383,16.557499999999997,16.247692307692304,16.368173076923075
2.292452830188679,16.52307692307692,16.591923076923074,16.213269230769228,16.350961538461537
2.30188679245283,16.557499999999997,16.609134615384612,16.178846153846152,16.33375
2.311320754716981,16.54889423076923,16.591923076923074,16.161634615384614,16.350961538461537
2.320754716981132,16.54028846153846,16.574711538461536,16.144423076923076,16.350961538461537
2.330188679245283,16.53168269230769,16.54028846153846,16.127211538461538,16.385384615384613
2.339622641509434,16.52307692307692,16.52307692307692,16.109999999999996,16.385384615384613
2.349056603773585,16.514471153846152,16.505865384615383,16.109999999999996,16.40259615384615
2.3584905660377355,16.505865384615383,16.471442307692303,16.07557692307692,16.41980769230769
2.3679245283018866,16.497259615384614,16.471442307692303,16.07557692307692,16.41980769230769
2.3773584905660377,16.488653846153845,16.41980769230769,16.05836538461538,16.454230769230765
2.3867924528301887,16.471442307692303,16.40259615384615,16.041153846153843,16.488653846153845
2.3962264150943393,16.454230769230765,16.385384615384613,16.041153846153843,16.52307692307692
2.4056603773584904,16.437019230769227,16.385384615384613,16.05836538461538,16.62634615384615
2.4150943396226414,16.454230769230765,16.40259615384615,16.092788461538458,16.695192307692306
2.4245283018867925,16.454230769230765,16.41980769230769,16.144423076923076,16.798461538461535
2.4339622641509435,16.437019230769227,16.437019230769227,16.19605769230769,16.86730769230769
2.443396226415094,16.41980769230769,16.454230769230765,16.230480769230766,16.97057692307692
2.452830188679245,16.41980769230769,16.454230769230765,16.29932692307692,17.07384615384615
2.4622641509433962,16.41980769230769,16.471442307692303,16.33375,17.142692307692304
2.4716981132075473,16.454230769230765,16.488653846153845,16.385384615384613,17.245961538461536
2.481132075471698,16.448493589743585,16.52307692307692,16.437019230769227,17.31480769230769
2.490566037735849,16.442756410256408,16.53455128205128,16.488653846153845,17.400865384615383
2.5,16.437019230769227,16.54602564102564,16.557499999999997,17.43528846153846
2.509433962264151,16.488653846153845,16.557499999999997,16.643557692307688,17.366442307692306
2.5188679245283017,16.52307692307692,16.609134615384612,16.712403846153844,17.280384615384612
2.5283018867924527,16.557499999999997,16.66076923076923,16.798461538461535,17.142692307692304
2.5377358490566038,16.574711538461536,16.677980769230768,16.850096153846152,17.039423076923075
2.547169811320755,16.609134615384612,16.712403846153844,16.944759615384612,16.901730769230767
2.5566037735849054,16.62634615384615,16.75543269230769,17.039423076923075,16.798461538461535
2.5660377358490565,16.669375,16.798461538461535,17.108269230769228,16.66076923076923
2.5754716981132075,16.712403846153844,16.798461538461535,17.194326923076922,16.557499999999997
2.5849056603773586,16.729615384615382,16.832884615384614,17.263173076923074,16.41980769230769
2.594339622641509,16.74682692307692,16.850096153846152,17.332019230769227,16.31653846153846
2.6037735849056602,16.729615384615382,16.832884615384614,17.366442307692306,16.213269230769228
2.6132075471698113,16.729615384615382,16.798461538461535,17.349230769230765,16.161634615384614
2.6226415094339623,16.72273076923077,16.76403846153846,17.29759615384615,16.109999999999996
2.632075471698113,16.71584615384615,16.729615384615382,17.228749999999998,16.05836538461538
2.641509433962264,16.708961538461534,16.712403846153844,17.159903846153842,16.023942307692305
2.650943396226415,16.70207692307692,16.677980769230768,17.108269230769228,15.97230769230769
2.660377358490566,16.695192307692306,16.643557692307688,17.039423076923075,15.920673076923075
2.6698113207547167,16.695192307692306,16.62634615384615,16.97057692307692,15.886249999999997
2.6792452830188678,16.66076923076923,16.591923076923074,16.918942307692305,15.834615384615383
2.688679245283019,16.66076923076923,16.557499999999997,16.850096153846152,15.782980769230766
2.69811320754717,16.66076923076923,16.52307692307692,16.781249999999996,15.765769230769228
2.7075471698113205,16.62634615384615,16.52307692307692,16.712403846153844,15.85182692307692
2.7169811320754715,16.63782051282051,16.54028846153846,16.643557692307688,15.937884615384613
2.7264150943396226,16.64929487179487,16.557499999999997,16.609134615384612,16.041153846153843
2.7358490566037736,16.66076923076923,16.574711538461536,16.54028846153846,16.109999999999996
2.7452830188679243,16.66076923076923,16.591923076923074,16.471442307692303,16.213269230769228
2.7547169811320753,16.677980769230768,16.591923076923074,16.454230769230765,16.31653846153846
2.7641509433962264,16.695192307692306,16.609134615384612,16.393990384615382,16.385384615384613
2.7735849056603774,16.695192307692306,16.62634615384615,16.33375,16.488653846153845
2.783018867924528,16.695192307692306,16.66076923076923,16.264903846153842,16.557499999999997
2.792452830188679,16.695192307692306,16.65503205128205,16.19605769230769,16.643557692307688
2.80188679245283,16.695192307692306,16.64929487179487,16.161634615384614,16.712403846153844
2.811320754716981,16.695192307692306,16.643557692307688,16.19605769230769,16.76403846153846
2.820754716981132,16.695192307692306,16.643557692307688,16.247692307692304,16.832884615384614
2.830188679245283,16.609134615384612,16.609134615384612,16.29932692307692,16.88451923076923
2.839622641509434,16.52307692307692,16.574711538461536,16.33375,16.95336538461538
2.849056603773585,16.488653846153845,16.557499999999997,16.40259615384615,17.004999999999995
2.8584905660377355,16.454230769230765,16.54028846153846,16.437019230769227,17.056634615384613
2.8679245283018866,16.41980769230769,16.497259615384614,16.488653846153845,17.125480769230766
2.8773584905660377,16.385384615384613,16.454230769230765,16.54028846153846,17.17711538461538
2.8867924528301887,16.350961538461537,16.437019230769227,16.574711538461536,17.245961538461536
2.8962264150943393,16.31653846153846,16.41980769230769,16.62634615384615,17.29759615384615
2.9056603773584904,16.247692307692304,16.368173076923075,16.66076923076923,17.332019230769227
2.9150943396226414,16.213269230769228,16.33375,16.677980769230768,17.31480769230769
2.9245283018867925,16.178846153846152,16.28211538461538,16.712403846153844,17.263173076923074
2.933962264150943,16.109999999999996,16.230480769230766,16.729615384615382,17.228749999999998
2.943396226415094,16.07557692307692,16.19605769230769,16.76403846153846,17.17711538461538
2.952830188679245,16.041153846153843,16.144423076923076,16.798461538461535,17.125480769230766
2.9622641509433962,15.97230769230769,16.092788461538458,16.815673076923073,17.09105769230769
2.971698113207547,15.937884615384613,16.05836538461538,16.850096153846152,17.039423076923075
2.981132075471698,15.903461538461535,16.006730769230767,16.86730769230769,16.987788461538457
2.990566037735849,15.834615384615383,15.955096153846151,16.86730769230769,16.95336538461538
3.0,15.800192307692305,15.937884615384613,16.901730769230767,16.901730769230767
3.0094339622641506,15.869038461538459,16.006730769230767,16.936153846153843,16.86730769230769
3.0188679245283017,15.97230769230769,16.092788461538458,16.901730769230767,16.832884615384614
3.0283018867924527,16.05836538461538,16.161634615384614,16.86730769230769,16.798461538461535
3.0377358490566038,16.144423076923076,16.247692307692304,16.832884615384614,16.76403846153846
3.047169811320755,16.213269230769228,16.31653846153846,16.798461538461535,16.712403846153844
3.0566037735849054,16.31653846153846,16.40259615384615,16.76403846153846,16.677980769230768
3.0660377358490565,16.557499999999997,16.471442307692303,16.712403846153844,16.62634615384615
3.0754716981132075,16.643557692307688,16.505865384615383,16.695192307692306,16.591923076923074
3.0849056603773586,16.729615384615382,16.609134615384612,16.66076923076923,16.557499999999997
3.094339622641509,16.781249999999996,16.712403846153844,16.62634615384615,16.52307692307692
3.1037735849056602,16.850096153846152,16.729615384615382,16.591923076923074,16.471442307692303
3.1132075471698113,16.901730769230767,16.798461538461535,16.574711538461536,16.41980769230769
3.1226415094339623,16.95336538461538,16.850096153846152,16.54028846153846,16.350961538461537
3.132075471698113,17.004999999999995,16.918942307692305,16.52307692307692,16.29932692307692
3.141509433962264,17.07384615384615,16.97057692307692,16.505865384615383,16.230480769230766
3.150943396226415,17.108269230769228,17.022211538461537,16.471442307692303,16.178846153846152
3.160377358490566,17.17711538461538,17.09105769230769,16.454230769230765,16.127211538461538
3.1698113207547167,17.17711538461538,17.142692307692304,16.437019230769227,16.05836538461538
3.1792452830188678,17.17711538461538,17.21153846153846,16.40259615384615,16.006730769230767
3.188679245283019,17.17711538461538,17.263173076923074,16.385384615384613,15.937884615384613
3.19811320754717,17.17711538461538,17.29759615384615,16.368173076923075,15.903461538461535
3.2075471698113205,17.17711538461538,17.280384615384612,16.33375,15.97230769230769
3.2169811320754715,17.17711538461538,17.245961538461536,16.33375,16.05836538461538
3.2264150943396226,17.142692307692304,17.21153846153846,16.31653846153846,16.127211538461538
3.2358490566037736,17.108269230769228,17.17711538461538,16.29932692307692,16.19605769230769
3.2452830188679243,17.07384615384615,17.142692307692304,16.29358974358974,16.264903846153842
3.2547169811320753,17.004999999999995,17.09105769230769,16.28785256410256,16.33375
3.2641509433962264,16.97057692307692,17.039423076923075,16.28211538461538,16.40259615384615
3.2735849056603774,16.936153846153843,17.004999999999995,16.264903846153842,16.471442307692303
3.283018867924528,16.88451923076923,16.97057692307692,16.247692307692304,16.557499999999997
3.292452830188679,16.850096153846152,16.936153846153843,16.247692307692304,16.643557692307688
3.30188679245283,16.809935897435896,16.901730769230767,16.230480769230766,16.74682692307692
3.311320754716981,16.76977564102564,16.850096153846152,16.19605769230769,16.86730769230769
3.320754716981132,16.729615384615382,16.798461538461535,16.161634615384614,16.97057692307692
3.330188679245283,16.708961538461534,16.74682692307692,16.092788461538458,17.09105769230769
3.339622641509434,16.68830769230769,16.712403846153844,16.05836538461538,17.194326923076922
3.349056603773585,16.667653846153843,16.66076923076923,15.989519230769227,17.29759615384615
3.3584905660377355,16.647,16.609134615384612,15.955096153846151,17.400865384615383
3.3679245283018866,16.62634615384615,16.557499999999997,15.886249999999997,17.52134615384615
3.3773584905660377,16.591923076923074,16.505865384615383,15.85182692307692,17.62461538461538
3.3867924528301887,16.557499999999997,16.471442307692303,15.782980769230766,17.745096153846152
3.3962264150943393,16.505865384615383,16.40259615384615,15.74855769230769,17.831153846153843
3.4056603773584904,16.471442307692303,16.368173076923075,15.765769230769228,17.882788461538457
3.4150943396226414,16.437019230769227,16.350961538461537,15.800192307692305,17.813942307692304
3.4245283018867925,16.41980769230769,16.350961538461537,15.834615384615383,17.710673076923072
3.433962264150943,16.41980769230769,16.368173076923075,15.869038461538459,17.572980769230767
3.443396226415094,16.40259615384615,16.385384615384613,15.920673076923075,17.43528846153846
3.452830188679245,16.385384615384613,16.385384615384613,15.97230769230769,17.29759615384615
3.4622641509433962,16.368173076923075,16.385384615384613,16.006730769230767,17.159903846153842
3.471698113207547,16.350961538461537,16.40259615384615,16.041153846153843,17.022211538461537
3.481132075471698,16.350961538461537,16.41980769230769,16.07557692307692,16.88451923076923
3.490566037735849,16.350961538461537,16.41980769230769,16.127211538461538,16.74682692307692
3.5,16.350961538461537,16.437019230769227,16.19605769230769,16.62634615384615
3.5094339622641506,16.389687499999997,16.41980769230769,16.29932692307692,16.52307692307692
3.5188679245283017,16.428413461538458,16.42554487179487,16.41980769230769,16.41980769230769
3.5283018867924527,16.46713942307692,16.431282051282047,16.54028846153846,16.33375
3.5377358490566038,16.505865384615383,16.437019230769227,16.643557692307688,16.247692307692304
3.5471698113207544,16.52307692307692,16.437019230769227,16.74682692307692,16.144423076923076
3.5566037735849054,16.557499999999997,16.437019230769227,16.850096153846152,16.05836538461538
3.5660377358490565,16.591923076923074,16.437019230769227,16.97057692307692,15.97230769230769
3.5754716981132075,16.62634615384615,16.437019230769227,17.07384615384615,15.869038461538459
3.584905660377358,16.66076923076923,16.437019230769227,17.194326923076922,15.782980769230766
3.594339622641509,16.677980769230768,16.437019230769227,17.280384615384612,15.662499999999998
3.6037735849056602,16.66076923076923,16.437019230769227,17.332019230769227,15.662499999999998
3.6132075471698113,16.62634615384615,16.41980769230769,17.31480769230769,15.74855769230769
3.6226415094339623,16.591923076923074,16.40259615384615,17.263173076923074,15.937884615384613
3.632075471698113,16.557499999999997,16.385384615384613,17.194326923076922,16.07557692307692
3.641509433962264,16.52307692307692,16.385384615384613,17.125480769230766,16.230480769230766
3.650943396226415,16.52307692307692,16.359567307692306,17.056634615384613,16.368173076923075
3.660377358490566,16.471442307692303,16.33375,16.987788461538457,16.52307692307692
3.6698113207547167,16.41980769230769,16.31653846153846,16.918942307692305,16.66076923076923
3.6792452830188678,16.385384615384613,16.29932692307692,16.832884615384614,16.815673076923073
3.688679245283019,16.350961538461537,16.28211538461538,16.74682692307692,16.936153846153843
3.69811320754717,16.33375,16.264903846153842,16.712403846153844,17.004999999999995
3.7075471698113205,16.28211538461538,16.28211538461538,16.74682692307692,17.004999999999995
3.7169811320754715,16.230480769230766,16.28211538461538,16.781249999999996,16.987788461538457
3.7264150943396226,16.230480769230766,16.28211538461538,16.832884615384614,16.97057692307692
3.7358490566037736,16.19605769230769,16.28211538461538,16.86730769230769,16.95336538461538
3.7452830188679243,16.178846153846152,16.28211538461538,16.901730769230767,16.936153846153843
3.7547169811320753,16.161634615384614,16.28211538461538,16.97057692307692,16.901730769230767
3.7641509433962264,16.127211538461538,16.28211538461538,17.004999999999995,16.88451923076923
3.7735849056603774,16.109999999999996,16.28211538461538,17.056634615384613,16.86730769230769
3.783018867924528,16.092788461538458,16.28211538461538,17.09105769230769,16.850096153846152
3.792452830188679,16.05836538461538,16.31653846153846,17.142692307692304,16.832884615384614
3.80188679245283,16.109999999999996,16.350961538461537,17.159903846153842,16.815673076923073
3.811320754716981,16.19605769230769,16.437019230769227,17.125480769230766,16.798461538461535
3.820754716981132,16.33375,16.505865384615383,17.039423076923075,16.798461538461535
3.830188679245283,16.41980769230769,16.574711538461536,16.97057692307692,16.781249999999996
3.839622641509434,16.52307692307692,16.643557692307688,16.86730769230769,16.76403846153846
3.849056603773585,16.609134615384612,16.677980769230768,16.815673076923073,16.76403846153846
3.8584905660377355,16.901730769230767,16.815673076923073,16.677980769230768,16.76403846153846
3.8679245283018866,16.987788461538457,16.850096153846152,16.62634615384615,16.74682692307692
3.8773584905660377,17.09105769230769,16.918942307692305,16.52307692307692,16.729615384615382
3.8867924528301887,17.159903846153842,16.987788461538457,16.454230769230765,16.729615384615382
3.8962264150943393,17.228749999999998,17.022211538461537,16.350961538461537,16.729615384615382
3.9056603773584904,17.21153846153846,17.039423076923075,16.33375,16.76403846153846
3.9150943396226414,17.21153846153846,17.039423076923075,16.33375,16.781249999999996
3.9245283018867925,17.21153846153846,17.039423076923075,16.350961538461537,16.815673076923073
3.933962264150943,17.21153846153846,17.039423076923075,16.368173076923075,16.832884615384614
3.943396226415094,17.21153846153846,17.039423076923075,16.385384615384613,16.86730769230769
3.952830188679245,17.21153846153846,17.07384615384615,16.385384615384613,16.901730769230767
3.9622641509433962,17.21153846153846,17.07384615384615,16.40259615384615,16.918942307692305
3.971698113207547,17.21153846153846,17.07384615384615,16.41980769230769,16.95336538461538
3.981132075471698,17.21153846153846,17.07384615384615,16.437019230769227,16.97057692307692
3.990566037735849,17.21153846153846,17.07384615384615,16.471442307692303,17.004999999999995
4.0,17.194326923076922,17.09105769230769,16.488653846153845,17.022211538461537
4.009433962264151,17.17711538461538,17.09105769230769,16.54028846153846,16.97057692307692
4.018867924528302,17.142692307692304,17.039423076923075,16.574711538461536,16.901730769230767
4.028301886792453,17.108269230769228,16.95336538461538,16.62634615384615,16.798461538461535
4.037735849056603,17.07384615384615,16.918942307692305,16.686586538461537,16.712403846153844
4.047169811320755,17.056634615384613,16.850096153846152,16.74682692307692,16.62634615384615
4.056603773584905,17.022211538461537,16.850096153846152,16.76403846153846,16.52307692307692
4.066037735849056,16.987788461538457,16.712403846153844,16.798461538461535,16.41980769230769
4.0754716981132075,16.97057692307692,16.712403846153844,16.850096153846152,16.33375
4.084905660377358,16.97057692307692,16.643557692307688,16.88451923076923,16.247692307692304
4.09433962264151,16.86730769230769,16.609134615384612,16.936153846153843,16.127211538461538
4.10377358490566,16.86730769230769,16.557499999999997,16.95336538461538,16.05836538461538
4.113207547169811,16.832884615384614,16.52307692307692,16.936153846153843,16.023942307692305
4.122641509433962,16.781249999999996,16.488653846153845,16.918942307692305,16.05836538461538
4.132075471698113,16.712403846153844,16.454230769230765,16.901730769230767,16.092788461538458
4.141509433962264,16.643557692307688,16.437019230769227,16.88451923076923,16.109999999999996
4.150943396226415,16.574711538461536,16.40259615384615,16.86730769230769,16.144423076923076
4.160377358490566,16.505865384615383,16.368173076923075,16.850096153846152,16.161634615384614
4.169811320754717,16.454230769230765,16.350961538461537,16.832884615384614,16.19605769230769
4.179245283018868,16.40259615384615,16.31653846153846,16.815673076923073,16.230480769230766
4.188679245283018,16.350961538461537,16.31653846153846,16.798461538461535,16.247692307692304
4.19811320754717,16.178846153846152,16.213269230769228,16.781249999999996,16.264903846153842
4.2075471698113205,16.213269230769228,16.239086538461535,16.74682692307692,16.264903846153842
4.216981132075471,16.213269230769228,16.264903846153842,16.695192307692306,16.264903846153842
4.226415094339623,16.230480769230766,16.29072115384615,16.643557692307688,16.264903846153842
4.235849056603773,16.247692307692304,16.31653846153846,16.574711538461536,16.264903846153842
4.245283018867925,16.264903846153842,16.31653846153846,16.54028846153846,16.264903846153842
4.254716981132075,16.28211538461538,16.31653846153846,16.471442307692303,16.264903846153842
4.264150943396226,16.29932692307692,16.31653846153846,16.40259615384615,16.264903846153842
4.273584905660377,16.31653846153846,16.350961538461537,16.368173076923075,16.264903846153842
4.283018867924528,16.33375,16.385384615384613,16.33375,16.264903846153842
4.2924528301886795,16.350961538461537,16.40259615384615,16.213269230769228,16.264903846153842
4.30188679245283,16.350961538461537,16.41980769230769,16.178846153846152,16.264903846153842
4.311320754716981,16.385384615384613,16.454230769230765,16.19605769230769,16.264903846153842
4.320754716981132,16.557499999999997,16.488653846153845,16.213269230769228,16.264903846153842
4.330188679245283,16.609134615384612,16.52307692307692,16.31653846153846,16.264903846153842
4.339622641509433,16.62634615384615,16.54028846153846,16.33375,16.264903846153842
4.349056603773585,16.677980769230768,16.574711538461536,16.350961538461537,16.264903846153842
4.3584905660377355,16.712403846153844,16.609134615384612,16.385384615384613,16.264903846153842
4.367924528301887,16.781249999999996,16.62634615384615,16.41980769230769,16.264903846153842
4.377358490566038,16.850096153846152,16.66076923076923,16.454230769230765,16.264903846153842
4.386792452830188,16.88451923076923,16.695192307692306,16.488653846153845,16.264903846153842
4.39622641509434,16.918942307692305,16.729615384615382,16.488653846153845,16.264903846153842
4.40566037735849,16.86730769230769,16.729615384615382,16.488653846153845,16.264903846153842
4.415094339622641,16.832884615384614,16.712403846153844,16.454230769230765,16.247692307692304
4.4245283018867925,16.76403846153846,16.66076923076923,16.437019230769227,16.213269230769228
4.433962264150943,16.609134615384612,16.609134615384612,16.40259615384615,16.161634615384614
4.443396226415095,16.454230769230765,16.54028846153846,16.385384615384613,16.109999999999996
4.452830188679245,16.350961538461537,16.488653846153845,16.350961538461537,16.07557692307692
4.462264150943396,16.247692307692304,16.437019230769227,16.31653846153846,16.041153846153843
4.471698113207547,16.19605769230769,16.385384615384613,16.29932692307692,16.006730769230767
4.481132075471698,16.144423076923076,16.33375,16.264903846153842,15.955096153846151
4.4905660377358485,16.041153846153843,16.247692307692304,16.247692307692304,15.903461538461535
4.5,16.041153846153843,16.144423076923076,16.213269230769228,15.920673076923075
4.509433962264151,15.903461538461535,16.178846153846152,16.247692307692304,16.006730769230767
4.518867924528302,15.97230769230769,16.213269230769228,16.28211538461538,16.109999999999996
4.528301886792453,16.041153846153843,16.247692307692304,16.33375,16.213269230769228
4.537735849056603,16.092788461538458,16.28211538461538,16.350961538461537,16.29932692307692
4.547169811320755,16.127211538461538,16.31653846153846,16.368173076923075,16.40259615384615
4.556603773584905,16.178846153846152,16.350961538461537,16.385384615384613,16.505865384615383
4.566037735849056,16.230480769230766,16.385384615384613,16.41980769230769,16.591923076923074
4.5754716981132075,16.264903846153842,16.41980769230769,16.454230769230765,16.695192307692306
4.584905660377358,16.31653846153846,16.454230769230765,16.488653846153845,16.781249999999996
4.59433962264151,16.33375,16.488653846153845,16.54028846153846,16.86730769230769
4.60377358490566,16.31653846153846,16.52307692307692,16.591923076923074,16.918942307692305
4.613207547169811,16.31653846153846,16.557499999999997,16.677980769230768,16.901730769230767
4.622641509433962,16.31653846153846,16.557499999999997,16.76403846153846,16.901730769230767
4.632075471698113,16.31653846153846,16.574711538461536,16.815673076923073,16.88451923076923
4.641509433962264,16.31653846153846,16.591923076923074,16.95336538461538,16.86730769230769
4.650943396226415,16.31653846153846,16.591923076923074,17.004999999999995,16.86730769230769
4.660377358490566,16.31653846153846,16.62634615384615,17.09105769230769,16.86730769230769
4.669811320754717,16.31653846153846,16.62634615384615,17.17711538461538,16.850096153846152
4.679245283018868,16.31653846153846,16.643557692307688,17.263173076923074,16.832884615384614
4.688679245283018,16.31653846153846,16.66076923076923,17.332019230769227,16.832884615384614
4.69811320754717,16.31653846153846,16.66076923076923,17.366442307692306,16.815673076923073
4.7075471698113205,16.350961538461537,16.677980769230768,17.332019230769227,16.798461538461535
4.716981132075471,16.385384615384613,16.66076923076923,17.245961538461536,16.798461538461535
4.726415094339623,16.41980769230769,16.66076923076923,17.17711538461538,16.781249999999996
4.735849056603773,16.437019230769227,16.62634615384615,17.07384615384615,16.76403846153846
4.745283018867925,16.471442307692303,16.62634615384615,17.004999999999995,16.76403846153846
4.754716981132075,16.505865384615383,16.609134615384612,16.901730769230767,16.729615384615382
4.764150943396226,16.52307692307692,16.591923076923074,16.815673076923073,16.729615384615382
4.773584905660377,16.54028846153846,16.591923076923074,16.76403846153846,16.712403846153844
4.783018867924528,16.600528846153843,16.580448717948716,16.609134615384612,16.695192307692306
4.792452830188679,16.66076923076923,16.568974358974355,16.557499999999997,16.695192307692306
4.80188679245283,16.62634615384615,16.557499999999997,16.454230769230765,16.677980769230768
4.811320754716981,16.729615384615382,16.52307692307692,16.437019230769227,16.643557692307688
4.820754716981132,16.74682692307692,16.52307692307692,16.41980769230769,16.574711538461536
4.830188679245283,16.781249999999996,16.52307692307692,16.41980769230769,16.505865384615383
4.839622641509433,16.832884615384614,16.52307692307692,16.41980769230769,16.437019230769227
4.849056603773585,16.86730769230769,16.488653846153845,16.41980769230769,16.368173076923075
4.8584905660377355,16.901730769230767,16.488653846153845,16.41980769230769,16.29932692307692
4.867924528301887,16.95336538461538,16.471442307692303,16.41980769230769,16.230480769230766
4.877358490566038,16.987788461538457,16.454230769230765,16.41980769230769,16.161634615384614
4.886792452830188,17.039423076923075,16.442756410256408,16.437019230769227,16.092788461538458
4.89622641509434,17.07384615384615,16.431282051282047,16.437019230769227,16.006730769230767
4.90566037735849,17.09105769230769,16.41980769230769,16.471442307692303,15.937884615384613
4.915094339622641,17.056634615384613,16.461115384615383,16.488653846153845,15.869038461538459
4.9245283018867925,17.022211538461537,16.502423076923073,16.505865384615383,15.800192307692305
4.933962264150943,16.95336538461538,16.543730769230766,16.54028846153846,15.74855769230769
4.943396226415095,16.918942307692305,16.58503846153846,16.557499999999997,15.679711538461536
4.952830188679245,16.850096153846152,16.62634615384615,16.574711538461536,15.62807692307692
4.962264150943396,16.815673076923073,16.64929487179487,16.609134615384612,15.576442307692306
4.971698113207547,16.74682692307692,16.672243589743587,16.62634615384615,15.507596153846151
4.981132075471698,16.74682692307692,16.695192307692306,16.643557692307688,15.455961538461535
4.9905660377358485,16.609134615384612,16.729615384615382,16.677980769230768,15.387115384615383
5.0,16.591923076923074,16.712403846153844,16.66076923076923,15.421538461538459
5.009433962264151,16.54028846153846,16.729615384615382,16.66076923076923,15.542019230769228
5.018867924528302,16.505865384615383,16.729615384615382,16.62634615384615,15.731346153846152
5.028301886792453,16.454230769230765,16.729615384615382,16.591923076923074,15.886249999999997
5.037735849056603,16.40259615384615,16.74682692307692,16.557499999999997,16.041153846153843
5.047169811320755,16.40259615384615,16.76403846153846,16.52307692307692,16.213269230769228
5.056603773584905,16.33375,16.76403846153846,16.477179487179484,16.385384615384613
5.066037735849056,16.264903846153842,16.781249999999996,16.431282051282047,16.54028846153846
5.0754716981132075,16.213269230769228,16.786987179487177,16.385384615384613,16.695192307692306
5.084905660377358,16.161634615384614,16.792724358974354,16.350961538461537,16.86730769230769
5.09433962264151,16.127211538461538,16.798461538461535,16.31653846153846,16.987788461538457
5.10377358490566,16.161634615384614,16.815673076923073,16.28211538461538,17.108269230769228
5.113207547169811,16.264903846153842,16.798461538461535,16.264903846153842,17.194326923076922
5.122641509433962,16.33375,16.76403846153846,16.247692307692304,17.263173076923074
5.132075471698113,16.40259615384615,16.729615384615382,16.230480769230766,17.332019230769227
5.141509433962264,16.471442307692303,16.695192307692306,16.213269230769228,17.400865384615383
5.150943396226415,16.54028846153846,16.677980769230768,16.213269230769228,17.469711538461535
5.160377358490566,16.574711538461536,16.643557692307688,16.213269230769228,17.53855769230769
5.169811320754717,16.712403846153844,16.62634615384615,16.19605769230769,17.607403846153844
5.179245283018868,16.74682692307692,16.591923076923074,16.178846153846152,17.676249999999996
5.188679245283018,16.798461538461535,16.557499999999997,16.178846153846152,17.727884615384614
5.19811320754717,16.815673076923073,16.52307692307692,16.178846153846152,17.76230769230769
5.2075471698113205,16.798461538461535,16.505865384615383,16.230480769230766,17.727884615384614
5.216981132075471,16.781249999999996,16.471442307692303,16.264903846153842,17.676249999999996
5.226415094339623,16.74682692307692,16.454230769230765,16.31653846153846,17.607403846153844
5.235849056603773,16.729615384615382,16.437019230769227,16.350961538461537,17.53855769230769
5.245283018867925,16.712403846153844,16.41120192307692,16.40259615384615,17.486923076923073
5.254716981132075,16.677980769230768,16.385384615384613,16.454230769230765,17.41807692307692
5.264150943396226,16.643557692307688,16.368173076923075,16.488653846153845,17.349230769230765
5.273584905660377,16.643557692307688,16.350961538461537,16.54028846153846,17.29759615384615
5.283018867924528,16.600528846153843,16.33375,16.574711538461536,17.228749999999998
5.292452830188679,16.557499999999997,16.31653846153846,16.62634615384615,17.159903846153842
5.30188679245283,16.557499999999997,16.33375,16.66076923076923,17.09105769230769
5.311320754716981,16.505865384615383,16.368173076923075,16.677980769230768,17.039423076923075
5.320754716981132,16.52307692307692,16.437019230769227,16.712403846153844,17.004999999999995
5.330188679245283,16.368173076923075,16.471442307692303,16.74682692307692,16.97057692307692
5.339622641509433,16.33375,16.54028846153846,16.76403846153846,16.936153846153843
5.349056603773585,16.29932692307692,16.574711538461536,16.798461538461535,16.901730769230767
5.3584905660377355,16.230480769230766,16.643557692307688,16.798461538461535,16.86730769230769
5.367924528301886,16.19605769230769,16.677980769230768,16.841490384615383,16.832884615384614
5.377358490566038,16.127211538461538,16.712403846153844,16.88451923076923,16.798461538461535
5.386792452830188,16.05836538461538,16.832884615384614,16.901730769230767,16.76403846153846
5.39622641509434,16.05836538461538,16.798461538461535,16.901730769230767,16.729615384615382
5.40566037735849,16.127211538461538,16.781249999999996,16.88451923076923,16.695192307692306
5.415094339622641,16.247692307692304,16.74682692307692,16.850096153846152,16.66076923076923
5.4245283018867925,16.33375,16.695192307692306,16.781249999999996,16.591923076923074
5.433962264150943,16.40259615384615,16.66076923076923,16.74682692307692,16.52307692307692
5.443396226415095,16.557499999999997,16.62634615384615,16.695192307692306,16.454230769230765
5.452830188679245,16.643557692307688,16.557499999999997,16.643557692307688,16.385384615384613
5.462264150943396,16.729615384615382,16.52307692307692,16.591923076923074,16.31653846153846
5.471698113207547,16.798461538461535,16.502423076923073,16.54028846153846,16.247692307692304
5.481132075471698,16.901730769230767,16.481769230769228,16.505865384615383,16.178846153846152
5.4905660377358485,16.97057692307692,16.461115384615383,16.437019230769227,16.109999999999996
5.5,17.022211538461537,16.440461538461538,16.40259615384615,16.023942307692305
5.509433962264151,17.004999999999995,16.41980769230769,16.350961538461537,15.989519230769227
5.518867924528302,16.97057692307692,16.385384615384613,16.31653846153846,15.955096153846151
5.528301886792453,16.936153846153843,16.40259615384615,16.28211538461538,15.937884615384613
5.537735849056603,16.901730769230767,16.41980769230769,16.247692307692304,15.920673076923075
5.547169811320755,16.86730769230769,16.41980769230769,16.230480769230766,15.886249999999997
5.556603773584905,16.832884615384614,16.454230769230765,16.19605769230769,15.886249999999997
5.566037735849056,16.798461538461535,16.454230769230765,16.161634615384614,15.85182692307692
5.5754716981132075,16.76403846153846,16.471442307692303,16.144423076923076,15.834615384615383
5.584905660377358,16.729615384615382,16.488653846153845,16.109999999999996,15.817403846153843
5.59433962264151,16.695192307692306,16.505865384615383,16.07557692307692,15.834615384615383
5.60377358490566,16.677980769230768,16.488653846153845,16.092788461538458,15.920673076923075
5.613207547169811,16.66076923076923,16.488653846153845,16.161634615384614,16.006730769230767
5.622641509433962,16.66076923076923,16.488653846153845,16.247692307692304,16.109999999999996
5.632075471698113,16.66076923076923,16.471442307692303,16.31653846153846,16.178846153846152
5.641509433962264,16.66076923076923,16.454230769230765,16.385384615384613,16.264903846153842
5.650943396226415,16.66076923076923,16.442756410256408,16.488653846153845,16.350961538461537
5.660377358490566,16.66076923076923,16.431282051282047,16.557499999999997,16.41980769230769
5.669811320754717,16.656466346153845,16.41980769230769,16.643557692307688,16.52307692307692
5.679245283018868,16.652163461538457,16.41980769230769,16.712403846153844,16.591923076923074
5.688679245283018,16.647860576923073,16.41980769230769,16.781249999999996,16.677980769230768
5.69811320754717,16.643557692307688,16.41980769230769,16.815673076923073,16.712403846153844
5.7075471698113205,16.62634615384615,16.454230769230765,16.850096153846152,16.729615384615382
5.716981132075471,16.62634615384615,16.505865384615383,16.832884615384614,16.729615384615382
5.726415094339623,16.62634615384615,16.54028846153846,16.832884615384614,16.74682692307692
5.735849056603773,16.62634615384615,16.591923076923074,16.832884615384614,16.76403846153846
5.745283018867925,16.62634615384615,16.62634615384615,16.832884615384614,16.76403846153846
5.754716981132075,16.62634615384615,16.66076923076923,16.832884615384614,16.781249999999996
5.764150943396226,16.62634615384615,16.712403846153844,16.832884615384614,16.798461538461535
5.773584905660377,16.62634615384615,16.729615384615382,16.832884615384614,16.798461538461535
5.783018867924528,16.62634615384615,16.76403846153846,16.821410256410253,16.815673076923073
5.792452830188679,16.62634615384615,16.832884615384614,16.809935897435896,16.832884615384614
5.80188679245283,16.609134615384612,16.86730769230769,16.798461538461535,16.832884615384614
5.811320754716981,16.591923076923074,16.85353846153846,16.798461538461535,16.850096153846152
5.820754716981132,16.557499999999997,16.839769230769228,16.789855769230766,16.832884615384614
5.830188679245283,16.54028846153846,16.825999999999997,16.781249999999996,16.781249999999996
5.839622641509433,16.505865384615383,16.812230769230766,16.772644230769227,16.74682692307692
5.849056603773585,16.488653846153845,16.798461538461535,16.76403846153846,16.695192307692306
5.8584905660377355,16.454230769230765,16.76403846153846,16.729615384615382,16.66076923076923
5.867924528301886,16.41980769230769,16.76403846153846,16.729615384615382,16.62634615384615
5.877358490566038,16.40259615384615,16.74682692307692,16.695192307692306,16.574711538461536
5.886792452830188,16.368173076923075,16.729615384615382,16.695192307692306,16.54028846153846
5.89622641509434,16.350961538461537,16.729615384615382,16.677980769230768,16.488653846153845
5.90566037735849,16.31653846153846,16.729615384615382,16.695192307692306,16.471442307692303
5.915094339622641,16.29932692307692,16.643557692307688,16.712403846153844,16.437019230769227
5.9245283018867925,16.28211538461538,16.62634615384615,16.729615384615382,16.41980769230769
5.933962264150943,16.28211538461538,16.574711538461536,16.74682692307692,16.40259615384615
5.943396226415094,16.28211538461538,16.505865384615383,16.76403846153846,16.385384615384613
5.952830188679245,16.264903846153842,16.454230769230765,16.76403846153846,16.350961538461537
5.962264150943396,16.247692307692304,16.41980769230769,16.781249999999996,16.33375
5.971698113207547,16.247692307692304,16.350961538461537,16.798461538461535,16.31653846153846
5.981132075471698,16.247692307692304,16.230480769230766,16.815673076923073,16.29932692307692
5.9905660377358485,16.247692307692304,16.19605769230769,16.832884615384614,16.28211538461538
6.0,16.247692307692304,16.161634615384614,16.850096153846152,16.264903846153842
6.009433962264151,16.247692307692304,16.144423076923076,16.832884615384614,16.29932692307692
6.018867924528301,16.31653846153846,16.144423076923076,16.832884615384614,16.31653846153846
6.028301886792453,16.385384615384613,16.161634615384614,16.832884615384614,16.33375
6.037735849056603,16.41980769230769,16.178846153846152,16.832884615384614,16.368173076923075
6.047169811320755,16.437019230769227,16.178846153846152,16.832884615384614,16.368173076923075
6.056603773584905,16.471442307692303,16.213269230769228,16.832884615384614,16.40259615384615
6.066037735849056,16.505865384615383,16.213269230769228,16.832884615384614,16.41980769230769
6.0754716981132075,16.52307692307692,16.230480769230766,16.832884615384614,16.437019230769227
6.084905660377358,16.557499999999997,16.247692307692304,16.832884615384614,16.471442307692303
6.09433962264151,16.574711538461536,16.264903846153842,16.832884615384614,16.471442307692303
6.10377358490566,16.557499999999997,16.28211538461538,16.815673076923073,16.505865384615383
6.113207547169811,16.54602564102564,16.31653846153846,16.798461538461535,16.52307692307692
6.122641509433962,16.53455128205128,16.368173076923075,16.798461538461535,16.54028846153846
6.132075471698113,16.52307692307692,16.41980769230769,16.798461538461535,16.574711538461536
6.141509433962264,16.52307692307692,16.454230769230765,16.798461538461535,16.591923076923074
6.150943396226415,16.511602564102564,16.488653846153845,16.781249999999996,16.609134615384612
6.160377358490566,16.500128205128203,16.52307692307692,16.76403846153846,16.643557692307688
6.169811320754717,16.488653846153845,16.557499999999997,16.76403846153846,16.66076923076923
6.179245283018868,16.471442307692303,16.609134615384612,16.76403846153846,16.677980769230768
6.188679245283018,16.454230769230765,16.643557692307688,16.76403846153846,16.712403846153844
6.19811320754717,16.454230769230765,16.66076923076923,16.76403846153846,16.712403846153844
6.2075471698113205,16.454230769230765,16.695192307692306,16.729615384615382,16.695192307692306
6.216981132075471,16.505865384615383,16.729615384615382,16.62634615384615,16.695192307692306
6.226415094339623,16.488653846153845,16.729615384615382,16.574711538461536,16.695192307692306
6.235849056603773,16.609134615384612,16.74682692307692,16.505865384615383,16.695192307692306
6.245283018867925,16.62634615384615,16.76403846153846,16.437019230769227,16.695192307692306
6.254716981132075,16.66076923076923,16.781249999999996,16.350961538461537,16.695192307692306
6.264150943396226,16.74682692307692,16.798461538461535,16.264903846153842,16.695192307692306
6.273584905660377,16.74682692307692,16.815673076923073,16.19605769230769,16.695192307692306
6.283018867924528,16.798461538461535,16.832884615384614,16.127211538461538,16.695192307692306
6.292452830188679,16.901730769230767,16.850096153846152,16.05836538461538,16.695192307692306
6.30188679245283,16.893124999999998,16.832884615384614,15.97230769230769,16.677980769230768
6.311320754716981,16.88451923076923,16.781249999999996,15.937884615384613,16.66076923076923
6.320754716981132,16.850096153846152,16.74682692307692,15.920673076923075,16.643557692307688
6.330188679245283,16.815673076923073,16.695192307692306,15.920673076923075,16.62634615384615
6.339622641509433,16.781249999999996,16.677980769230768,15.920673076923075,16.609134615384612
6.349056603773585,16.76403846153846,16.62634615384615,15.920673076923075,16.591923076923074
6.3584905660377355,16.729615384615382,16.54028846153846,15.920673076923075,16.591923076923074
6.367924528301886,16.712403846153844,16.505865384615383,15.920673076923075,16.574711538461536
6.377358490566038,16.677980769230768,16.471442307692303,15.920673076923075,16.557499999999997
6.386792452830188,16.643557692307688,16.437019230769227,15.920673076923075,16.54028846153846
6.39622641509434,16.62634615384615,16.385384615384613,15.937884615384613,16.52307692307692
6.40566037735849,16.609134615384612,16.41980769230769,15.97230769230769,16.505865384615383
6.415094339622641,16.591923076923074,16.454230769230765,16.05836538461538,16.52307692307692
6.4245283018867925,16.591923076923074,16.52307692307692,16.127211538461538,16.52307692307692
6.433962264150943,16.591923076923074,16.591923076923074,16.19605769230769,16.54028846153846
6.443396226415094,16.591923076923074,16.62634615384615,16.264903846153842,16.557499999999997
6.452830188679245,16.591923076923074,16.66076923076923,16.33375,16.557499999999997
6.462264150943396,16.591923076923074,16.695192307692306,16.40259615384615,16.557499999999997
6.471698113207547,16.588480769230767,16.74682692307692,16.471442307692303,16.574711538461536
6.481132075471698,16.58503846153846,16.781249999999996,16.52307692307692,16.591923076923074
6.4905660377358485,16.58159615384615,16.832884615384614,16.62634615384615,16.591923076923074
6.5,16.578153846153842,16.850096153846152,16.677980769230768,16.609134615384612
6.509433962264151,16.574711538461536,16.850096153846152,16.695192307692306,16.62634615384615
6.518867924528301,16.66076923076923,16.850096153846152,16.729615384615382,16.62634615384615
6.528301886792453,16.695192307692306,16.850096153846152,16.76403846153846,16.62634615384615
6.537735849056603,16.798461538461535,16.86730769230769,16.798461538461535,16.62634615384615
6.547169811320755,16.901730769230767,16.85583333333333,16.832884615384614,16.62634615384615
6.556603773584905,16.95336538461538,16.844358974358972,16.86730769230769,16.62634615384615
6.566037735849056,17.004999999999995,16.832884615384614,16.901730769230767,16.62634615384615
6.5754716981132075,17.056634615384613,16.850096153846152,16.936153846153843,16.62634615384615
6.584905660377358,17.125480769230766,16.850096153846152,16.97057692307692,16.62634615384615
6.594339622641509,17.17711538461538,16.850096153846152,16.97057692307692,16.643557692307688
6.60377358490566,17.17711538461538,16.850096153846152,16.97057692307692,16.62634615384615
6.613207547169811,17.108269230769228,16.832884615384614,16.936153846153843,16.591923076923074
6.622641509433962,17.039423076923075,16.798461538461535,16.901730769230767,16.574711538461536
6.632075471698113,16.936153846153843,16.76403846153846,16.86730769230769,16.54028846153846
6.641509433962264,16.643557692307688,16.729615384615382,16.850096153846152,16.52307692307692
6.650943396226415,16.557499999999997,16.695192307692306,16.815673076923073,16.488653846153845
6.660377358490566,16.29932692307692,16.66076923076923,16.781249999999996,16.454230769230765
6.669811320754717,16.213269230769228,16.62634615384615,16.76403846153846,16.437019230769227
6.679245283018868,16.041153846153843,16.591923076923074,16.729615384615382,16.40259615384615
6.688679245283018,15.869038461538459,16.557499999999997,16.695192307692306,16.385384615384613
6.69811320754717,15.765769230769228,16.52307692307692,16.66076923076923,16.350961538461537
6.7075471698113205,15.800192307692305,16.505865384615383,16.62634615384615,16.33375
6.716981132075471,15.937884615384613,16.471442307692303,16.591923076923074,16.31653846153846
6.726415094339623,16.05836538461538,16.454230769230765,16.557499999999997,16.31653846153846
6.735849056603773,16.161634615384614,16.437019230769227,16.52307692307692,16.31653846153846
6.745283018867925,16.247692307692304,16.41980769230769,16.488653846153845,16.29932692307692
6.754716981132075,16.33375,16.40259615384615,16.437019230769227,16.28211538461538
6.764150943396226,16.52307692307692,16.385384615384613,16.385384615384613,16.28211538461538
6.773584905660377,16.62634615384615,16.368173076923075,16.350961538461537,16.28211538461538
6.783018867924528,16.729615384615382,16.350961538461537,16.33375,16.28211538461538
6.792452830188679,16.832884615384614,16.33375,16.31653846153846,16.264903846153842
6.80188679245283,16.88451923076923,16.31653846153846,16.247692307692304,16.247692307692304
6.811320754716981,16.88451923076923,16.31653846153846,16.28211538461538,16.230480769230766
6.820754716981132,16.88451923076923,16.33375,16.28211538461538,16.213269230769228
6.830188679245283,16.88451923076923,16.350961538461537,16.29932692307692,16.19605769230769
6.839622641509433,16.88451923076923,16.356698717948717,16.33375,16.178846153846152
6.849056603773585,16.88451923076923,16.362435897435894,16.33375,16.161634615384614
6.8584905660377355,16.88451923076923,16.368173076923075,16.368173076923075,16.144423076923076
6.867924528301886,16.88451923076923,16.373910256410255,16.385384615384613,16.127211538461538
6.877358490566038,16.88451923076923,16.379647435897432,16.40259615384615,16.109999999999996
6.886792452830188,16.88451923076923,16.385384615384613,16.437019230769227,16.092788461538458
6.89622641509434,16.88451923076923,16.385384615384613,16.454230769230765,16.07557692307692
6.90566037735849,16.88451923076923,16.41980769230769,16.488653846153845,16.07557692307692
6.915094339622641,16.86730769230769,16.454230769230765,16.505865384615383,16.109999999999996
6.9245283018867925,16.832884615384614,16.488653846153845,16.54028846153846,16.144423076923076
6.933962264150943,16.798461538461535,16.54028846153846,16.557499999999997,16.178846153846152
6.943396226415094,16.76403846153846,16.591923076923074,16.591923076923074,16.230480769230766
6.952830188679245,16.729615384615382,16.643557692307688,16.62634615384615,16.264903846153842
6.962264150943396,16.729615384615382,16.695192307692306,16.643557692307688,16.31653846153846
6.971698113207547,16.609134615384612,16.729615384615382,16.677980769230768,16.350961538461537
6.981132075471698,16.591923076923074,16.76403846153846,16.695192307692306,16.385384615384613
6.9905660377358485,16.557499999999997,16.798461538461535,16.729615384615382,16.41980769230769
7.0,16.557499999999997,16.781249999999996,16.729615384615382,16.471442307692303
7.009433962264151,16.454230769230765,16.798461538461535,16.712403846153844,16.54028846153846
7.018867924528301,16.471442307692303,16.76403846153846,16.712403846153844,16.609134615384612
7.028301886792453,16.437019230769227,16.706666666666663,16.574711538461536,16.677980769230768
7.037735849056603,16.41980769230769,16.64929487179487,16.574711538461536,16.74682692307692
7.047169811320755,16.40259615384615,16.591923076923074,16.505865384615383,16.815673076923073
7.056603773584905,16.350961538461537,16.53455128205128,16.454230769230765,16.88451923076923
7.066037735849056,16.31653846153846,16.477179487179484,16.40259615384615,16.95336538461538
7.0754716981132075,16.312235576923076,16.41980769230769,16.33375,17.022211538461537
7.084905660377358,16.30793269230769,16.368173076923075,16.29932692307692,17.09105769230769
7.094339622641509,16.303629807692307,16.31653846153846,16.230480769230766,17.142692307692304
7.10377358490566,16.29932692307692,16.31899725274725,16.19605769230769,17.159903846153842
7.113207547169811,16.33375,16.32145604395604,16.213269230769228,17.142692307692304
7.122641509433962,16.368173076923075,16.32391483516483,16.247692307692304,17.09105769230769
7.132075471698113,16.437019230769227,16.326373626373623,16.28211538461538,17.056634615384613
7.141509433962264,16.488653846153845,16.328832417582415,16.33375,17.004999999999995
7.150943396226415,16.557499999999997,16.331291208791207,16.368173076923075,16.95336538461538
7.160377358490566,16.609134615384612,16.33375,16.41980769230769,16.918942307692305
7.169811320754716,16.677980769230768,16.368173076923075,16.454230769230765,16.86730769230769
7.179245283018868,16.695192307692306,16.40259615384615,16.488653846153845,16.815673076923073
7.188679245283018,16.75543269230769,16.437019230769227,16.52307692307692,16.781249999999996
7.19811320754717,16.815673076923073,16.471442307692303,16.54028846153846,16.729615384615382
7.2075471698113205,16.798461538461535,16.52307692307692,16.557499999999997,16.729615384615382
7.216981132075471,16.76403846153846,16.62634615384615,16.574711538461536,16.729615384615382
7.226415094339623,16.695192307692306,16.66076923076923,16.591923076923074,16.729615384615382
7.235849056603773,16.62634615384615,16.677980769230768,16.609134615384612,16.729615384615382
7.245283018867925,16.557499999999997,16.729615384615382,16.62634615384615,16.729615384615382
7.254716981132075,16.52307692307692,16.798461538461535,16.62634615384615,16.729615384615382
7.264150943396226,16.471442307692303,16.815673076923073,16.643557692307688,16.729615384615382
7.273584905660377,16.40259615384615,16.86730769230769,16.66076923076923,16.729615384615382
7.283018867924528,16.368173076923075,16.918942307692305,16.677980769230768,16.729615384615382
7.292452830188679,16.29932692307692,16.95336538461538,16.695192307692306,16.74682692307692
7.30188679245283,16.264903846153842,16.97057692307692,16.695192307692306,16.74682692307692
7.311320754716981,16.247692307692304,16.97057692307692,16.706666666666663,16.712403846153844
7.320754716981132,16.247692307692304,16.95336538461538,16.718141025641025,16.695192307692306
7.330188679245283,16.247692307692304,16.918942307692305,16.729615384615382,16.677980769230768
7.339622641509433,16.264903846153842,16.88451923076923,16.74682692307692,16.643557692307688
7.349056603773585,16.28211538461538,16.86730769230769,16.76403846153846,16.62634615384615
7.3584905660377355,16.28211538461538,16.832884615384614,16.76403846153846,16.609134615384612
7.367924528301886,16.29932692307692,16.832884615384614,16.781249999999996,16.574711538461536
7.377358490566038,16.31653846153846,16.76403846153846,16.798461538461535,16.557499999999997
7.386792452830188,16.31653846153846,16.74682692307692,16.798461538461535,16.54028846153846
7.39622641509434,16.33375,16.729615384615382,16.798461538461535,16.505865384615383
7.40566037735849,16.350961538461537,16.712403846153844,16.815673076923073,16.505865384615383
7.415094339622641,16.385384615384613,16.695192307692306,16.798461538461535,16.471442307692303
7.4245283018867925,16.41980769230769,16.695192307692306,16.781249999999996,16.454230769230765
7.433962264150943,16.505865384615383,16.695192307692306,16.74682692307692,16.437019230769227
7.443396226415094,16.52307692307692,16.695192307692306,16.712403846153844,16.41980769230769
7.452830188679245,16.557499999999997,16.695192307692306,16.695192307692306,16.41980769230769
7.462264150943396,16.574711538461536,16.695192307692306,16.66076923076923,16.40259615384615
7.471698113207547,16.591923076923074,16.695192307692306,16.643557692307688,16.385384615384613
7.481132075471698,16.695192307692306,16.695192307692306,16.609134615384612,16.368173076923075
7.4905660377358485,16.74682692307692,16.695192307692306,16.574711538461536,16.350961538461537
7.5,16.74682692307692,16.677980769230768,16.557499999999997,16.33375
7.509433962264151,16.76403846153846,16.66076923076923,16.54028846153846,16.31653846153846
7.518867924528301,16.76403846153846,16.62634615384615,16.505865384615383,16.28211538461538
7.528301886792453,16.781249999999996,16.574711538461536,16.488653846153845,16.230480769230766
7.537735849056603,16.798461538461535,16.54028846153846,16.471442307692303,16.19605769230769
7.547169811320755,16.798461538461535,16.505865384615383,16.454230769230765,16.144423076923076
7.556603773584905,16.832884615384614,16.488653846153845,16.437019230769227,16.109999999999996
7.566037735849056,16.832884615384614,16.41980769230769,16.41980769230769,16.07557692307692
7.5754716981132075,16.850096153846152,16.33375,16.40259615384615,16.023942307692305
7.584905660377358,16.86730769230769,16.31653846153846,16.385384615384613,15.989519230769227
7.594339622641509,16.86730769230769,16.28211538461538,16.368173076923075,15.937884615384613
7.60377358490566,16.88451923076923,16.29932692307692,16.385384615384613,15.955096153846151
7.613207547169811,16.86730769230769,16.31653846153846,16.385384615384613,16.041153846153843
7.622641509433962,16.832884615384614,16.33375,16.385384615384613,16.161634615384614
7.632075471698113,16.798461538461535,16.35526442307692,16.385384615384613,16.264903846153842
7.641509433962264,16.76403846153846,16.376778846153844,16.385384615384613,16.350961538461537
7.650943396226415,16.712403846153844,16.398293269230766,16.385384615384613,16.454230769230765
7.660377358490566,16.695192307692306,16.41980769230769,16.385384615384613,16.54028846153846
7.669811320754716,16.643557692307688,16.454230769230765,16.385384615384613,16.643557692307688
7.679245283018868,16.591923076923074,16.471442307692303,16.385384615384613,16.74682692307692
7.688679245283018,16.574711538461536,16.505865384615383,16.385384615384613,16.832884615384614
7.69811320754717,16.557499999999997,16.505865384615383,16.40259615384615,16.901730769230767
7.7075471698113205,16.557499999999997,16.52307692307692,16.41980769230769,16.936153846153843
7.716981132075471,16.557499999999997,16.52307692307692,16.437019230769227,16.95336538461538
7.726415094339623,16.557499999999997,16.52307692307692,16.454230769230765,16.987788461538457
7.735849056603773,16.557499999999997,16.52307692307692,16.471442307692303,17.004999999999995
7.745283018867924,16.557499999999997,16.52307692307692,16.488653846153845,17.039423076923075
7.754716981132075,16.591923076923074,16.557499999999997,16.52307692307692,17.07384615384615
7.764150943396226,16.591923076923074,16.557499999999997,16.54028846153846,17.09105769230769
7.773584905660377,16.609134615384612,16.557499999999997,16.557499999999997,17.125480769230766
7.783018867924528,16.62634615384615,16.557499999999997,16.574711538461536,17.142692307692304
7.792452830188679,16.62634615384615,16.557499999999997,16.591923076923074,17.17711538461538
7.80188679245283,16.66076923076923,16.557499999999997,16.609134615384612,17.17711538461538
7.811320754716981,16.66076923076923,16.62634615384615,16.591923076923074,17.17711538461538
7.820754716981131,16.66076923076923,16.643557692307688,16.591923076923074,17.159903846153842
7.830188679245283,16.66076923076923,16.643557692307688,16.591923076923074,17.125480769230766
7.839622641509433,16.66076923076923,16.677980769230768,16.591923076923074,17.09105769230769
7.849056603773585,16.66076923076923,16.677980769230768,16.591923076923074,17.07384615384615
7.8584905660377355,16.66076923076923,16.712403846153844,16.591923076923074,17.039423076923075
7.867924528301886,16.66076923076923,16.729615384615382,16.591923076923074,17.022211538461537
7.877358490566038,16.66076923076923,16.74682692307692,16.591923076923074,16.987788461538457
7.886792452830188,16.66076923076923,16.781249999999996,16.591923076923074,16.95336538461538
7.89622641509434,16.677980769230768,16.781249999999996,16.591923076923074,16.936153846153843
7.90566037735849,16.677980769230768,16.76403846153846,16.574711538461536,16.88451923076923
7.915094339622641,16.643557692307688,16.729615384615382,16.591923076923074,16.832884615384614
7.9245283018867925,16.643557692307688,16.71584615384615,16.591923076923074,16.781249999999996
7.933962264150943,16.609134615384612,16.70207692307692,16.609134615384612,16.712403846153844
7.943396226415094,16.574711538461536,16.68830769230769,16.614871794871792,16.677980769230768
7.952830188679245,16.52307692307692,16.674538461538457,16.62060897435897,16.609134615384612
7.962264150943396,16.52307692307692,16.66076923076923,16.62634615384615,16.54028846153846
7.971698113207547,16.52307692307692,16.63495192307692,16.643557692307688,16.505865384615383
7.981132075471698,16.52307692307692,16.609134615384612,16.66076923076923,16.437019230769227
7.9905660377358485,16.488653846153845,16.591923076923074,16.66076923076923,16.385384615384613
8.0,16.437019230769227,16.574711538461536,16.677980769230768,16.33375
8.00943396226415,16.437019230769227,16.557499999999997,16.66076923076923,16.29932692307692
8.018867924528301,16.40259615384615,16.557499999999997,16.643557692307688,16.28211538461538
8.028301886792452,16.385384615384613,16.557499999999997,16.62634615384615,16.264903846153842
8.037735849056604,16.368173076923075,16.557499999999997,16.609134615384612,16.247692307692304
8.047169811320755,16.350961538461537,16.557499999999997,16.591923076923074,16.247692307692304
8.056603773584905,16.31653846153846,16.52307692307692,16.591923076923074,16.213269230769228
8.066037735849056,16.29932692307692,16.52307692307692,16.574711538461536,16.213269230769228
8.075471698113207,16.28211538461538,16.52307692307692,16.557499999999997,16.19605769230769
8.084905660377359,16.264903846153842,16.52307692307692,16.54028846153846,16.178846153846152
8.09433962264151,16.247692307692304,16.52307692307692,16.52307692307692,16.178846153846152
8.10377358490566,16.230480769230766,16.52307692307692,16.52307692307692,16.161634615384614
8.11320754716981,16.230480769230766,16.52307692307692,16.574711538461536,16.144423076923076
8.122641509433961,16.19605769230769,16.52307692307692,16.609134615384612,16.109999999999996
8.132075471698112,16.178846153846152,16.557499999999997,16.66076923076923,16.092788461538458
8.141509433962264,16.161634615384614,16.557499999999997,16.712403846153844,16.05836538461538
8.150943396226415,16.127211538461538,16.574711538461536,16.74682692307692,16.041153846153843
8.160377358490566,16.127211538461538,16.591923076923074,16.798461538461535,16.006730769230767
8.169811320754716,16.092788461538458,16.591923076923074,16.850096153846152,15.97230769230769
8.179245283018867,16.07557692307692,16.62634615384615,16.88451923076923,15.955096153846151
8.18867924528302,16.05836538461538,16.62634615384615,16.936153846153843,15.920673076923075
8.19811320754717,16.07557692307692,16.643557692307688,16.95336538461538,15.903461538461535
8.20754716981132,16.161634615384614,16.643557692307688,16.918942307692305,15.903461538461535
8.216981132075471,16.264903846153842,16.643557692307688,16.88451923076923,15.97230769230769
8.226415094339622,16.350961538461537,16.643557692307688,16.815673076923073,16.07557692307692
8.235849056603774,16.454230769230765,16.643557692307688,16.781249999999996,16.144423076923076
8.245283018867925,16.52307692307692,16.62634615384615,16.712403846153844,16.230480769230766
8.254716981132075,16.557499999999997,16.63208333333333,16.66076923076923,16.31653846153846
8.264150943396226,16.74682692307692,16.63782051282051,16.609134615384612,16.385384615384613
8.273584905660377,16.815673076923073,16.643557692307688,16.574711538461536,16.471442307692303
8.283018867924527,16.901730769230767,16.643557692307688,16.454230769230765,16.54028846153846
8.29245283018868,16.987788461538457,16.643557692307688,16.437019230769227,16.574711538461536
8.30188679245283,17.022211538461537,16.643557692307688,16.40259615384615,16.591923076923074
8.31132075471698,17.022211538461537,16.643557692307688,16.40259615384615,16.591923076923074
8.320754716981131,16.987788461538457,16.54028846153846,16.437019230769227,16.591923076923074
8.330188679245282,16.97057692307692,16.52307692307692,16.471442307692303,16.591923076923074
8.339622641509434,16.95336538461538,16.40259615384615,16.488653846153845,16.591923076923074
8.349056603773585,16.918942307692305,16.350961538461537,16.52307692307692,16.591923076923074
8.358490566037736,16.918942307692305,16.28211538461538,16.54028846153846,16.591923076923074
8.367924528301886,16.88451923076923,16.213269230769228,16.557499999999997,16.591923076923074
8.377358490566037,16.86730769230769,16.144423076923076,16.62634615384615,16.591923076923074
8.38679245283019,16.850096153846152,16.07557692307692,16.62634615384615,16.62634615384615
8.39622641509434,16.815673076923073,15.989519230769227,16.62634615384615,16.66076923076923
8.40566037735849,16.832884615384614,15.97230769230769,16.62634615384615,16.74682692307692
8.415094339622641,16.712403846153844,15.97230769230769,16.62634615384615,16.815673076923073
8.424528301886792,16.712403846153844,15.989519230769227,16.62634615384615,16.901730769230767
8.433962264150942,16.677980769230768,16.006730769230767,16.609134615384612,16.97057692307692
8.443396226415095,16.643557692307688,16.006730769230767,16.591923076923074,17.056634615384613
8.452830188679245,16.557499999999997,16.041153846153843,16.591923076923074,17.142692307692304
8.462264150943396,16.505865384615383,16.041153846153843,16.574711538461536,17.21153846153846
8.471698113207546,16.488653846153845,16.05836538461538,16.557499999999997,17.29759615384615
8.481132075471697,16.437019230769227,16.07557692307692,16.557499999999997,17.366442307692306
8.49056603773585,16.40259615384615,16.109999999999996,16.557499999999997,17.43528846153846
8.5,16.350961538461537,16.144423076923076,16.54028846153846,17.469711538461535
8.50943396226415,16.33375,16.230480769230766,16.52307692307692,17.43528846153846
8.518867924528301,16.328012820512818,16.29932692307692,16.52307692307692,17.349230769230765
8.528301886792452,16.322275641025637,16.368173076923075,16.52307692307692,17.280384615384612
8.537735849056604,16.31653846153846,16.437019230769227,16.52307692307692,17.17711538461538
8.547169811320755,16.31653846153846,16.52307692307692,16.52307692307692,17.108269230769228
8.556603773584905,16.31653846153846,16.609134615384612,16.488653846153845,17.022211538461537
8.566037735849056,16.31653846153846,16.677980769230768,16.488653846153845,16.936153846153843
8.575471698113207,16.31653846153846,16.729615384615382,16.488653846153845,16.86730769230769
8.584905660377359,16.31653846153846,16.86730769230769,16.488653846153845,16.76403846153846
8.59433962264151,16.31653846153846,16.850096153846152,16.488653846153845,16.695192307692306
8.60377358490566,16.33375,16.86730769230769,16.471442307692303,16.591923076923074
8.61320754716981,16.368173076923075,16.86730769230769,16.454230769230765,16.54028846153846
8.622641509433961,16.385384615384613,16.86730769230769,16.454230769230765,16.471442307692303
8.632075471698112,16.54028846153846,16.86730769230769,16.454230769230765,16.437019230769227
8.641509433962264,16.54028846153846,16.86730769230769,16.454230769230765,16.385384615384613
8.650943396226415,16.609134615384612,16.86730769230769,16.437019230769227,16.350961538461537
8.660377358490566,16.643557692307688,16.86730769230769,16.41980769230769,16.29932692307692
8.669811320754716,16.712403846153844,16.86730769230769,16.41980769230769,16.247692307692304
8.679245283018867,16.781249999999996,16.86730769230769,16.41980769230769,16.213269230769228
8.68867924528302,16.798461538461535,16.86730769230769,16.41980769230769,16.161634615384614
8.69811320754717,16.832884615384614,16.88451923076923,16.41980769230769,16.127211538461538
8.70754716981132,16.832884615384614,16.86730769230769,16.454230769230765,16.07557692307692
8.716981132075471,16.832884615384614,16.86730769230769,16.505865384615383,16.109999999999996
8.726415094339622,16.832884615384614,16.86730769230769,16.557499999999997,16.144423076923076
8.735849056603774,16.832884615384614,16.86730769230769,16.591923076923074,16.178846153846152
8.745283018867925,16.832884615384614,16.86730769230769,16.62634615384615,16.213269230769228
8.754716981132075,16.832884615384614,16.86730769230769,16.66076923076923,16.247692307692304
8.764150943396226,16.832884615384614,16.86730769230769,16.712403846153844,16.28211538461538
8.773584905660377,16.832884615384614,16.86730769230769,16.76403846153846,16.31653846153846
8.783018867924527,16.817824519230765,16.86730769230769,16.798461538461535,16.350961538461537
8.79245283018868,16.80276442307692,16.86730769230769,16.815673076923073,16.385384615384613
8.80188679245283,16.787704326923073,16.850096153846152,16.798461538461535,16.40259615384615
8.81132075471698,16.772644230769227,16.832884615384614,16.798461538461535,16.41980769230769
8.820754716981131,16.75758413461538,16.76403846153846,16.798461538461535,16.41980769230769
8.830188679245282,16.742524038461536,16.76403846153846,16.798461538461535,16.41980769230769
8.839622641509434,16.72746394230769,16.74682692307692,16.798461538461535,16.41980769230769
8.849056603773585,16.712403846153844,16.712403846153844,16.76403846153846,16.41980769230769
8.858490566037736,16.697343749999998,16.712403846153844,16.76403846153846,16.454230769230765
8.867924528301886,16.682283653846152,16.677980769230768,16.76403846153846,16.454230769230765
8.877358490566037,16.667223557692306,16.643557692307688,16.76403846153846,16.454230769230765
8.88679245283019,16.652163461538457,16.643557692307688,16.76403846153846,16.454230769230765
8.89622641509434,16.63710336538461,16.609134615384612,16.74682692307692,16.488653846153845
8.90566037735849,16.622043269230765,16.557499999999997,16.729615384615382,16.52307692307692
8.915094339622641,16.60698317307692,16.505865384615383,16.712403846153844,16.609134615384612
8.924528301886792,16.591923076923074,16.505865384615383,16.669375,16.695192307692306
8.933962264150942,16.609134615384612,16.437019230769227,16.62634615384615,16.76403846153846
8.943396226415095,16.62634615384615,16.368173076923075,16.591923076923074,16.850096153846152
8.952830188679245,16.643557692307688,16.33375,16.557499999999997,16.918942307692305
8.962264150943396,16.66076923076923,16.264903846153842,16.52307692307692,17.004999999999995
8.971698113207546,16.66076923076923,16.230480769230766,16.488653846153845,17.07384615384615
8.981132075471697,16.695192307692306,16.161634615384614,16.454230769230765,17.159903846153842
8.99056603773585,16.695192307692306,16.092788461538458,16.41980769230769,17.228749999999998
9.0,16.712403846153844,16.05836538461538,16.385384615384613,17.263173076923074
9.00943396226415,16.695192307692306,16.092788461538458,16.368173076923075,17.245961538461536
9.018867924528301,16.695192307692306,16.127211538461538,16.350961538461537,17.21153846153846
9.028301886792452,16.677980769230768,16.178846153846152,16.350961538461537,17.159903846153842
9.037735849056604,16.66076923076923,16.213269230769228,16.350961538461537,17.125480769230766
9.047169811320755,16.66076923076923,16.264903846153842,16.350961538461537,17.07384615384615
9.056603773584905,16.62634615384615,16.29932692307692,16.350961538461537,17.039423076923075
9.066037735849056,16.62634615384615,16.350961538461537,16.350961538461537,17.004999999999995
9.075471698113207,16.609134615384612,16.41980769230769,16.350961538461537,16.95336538461538
9.084905660377359,16.591923076923074,16.437019230769227,16.350961538461537,16.918942307692305
9.09433962264151,16.591923076923074,16.488653846153845,16.33375,16.86730769230769
9.10377358490566,16.591923076923074,16.52307692307692,16.33375,16.832884615384614
9.11320754716981,16.591923076923074,16.557499999999997,16.29932692307692,16.798461538461535
9.122641509433961,16.591923076923074,16.591923076923074,16.28211538461538,16.781249999999996
9.132075471698112,16.591923076923074,16.62634615384615,16.264903846153842,16.74682692307692
9.141509433962264,16.591923076923074,16.643557692307688,16.230480769230766,16.712403846153844
9.150943396226415,16.591923076923074,16.695192307692306,16.213269230769228,16.695192307692306
9.160377358490566,16.591923076923074,16.74682692307692,16.19605769230769,16.66076923076923
9.169811320754716,16.591923076923074,16.76403846153846,16.161634615384614,16.643557692307688
9.179245283018867,16.596225961538458,16.798461538461535,16.144423076923076,16.609134615384612
9.18867924528302,16.600528846153843,16.832884615384614,16.127211538461538,16.574711538461536
9.19811320754717,16.604831730769227,16.850096153846152,16.092788461538458,16.557499999999997
9.20754716981132,16.609134615384612,16.832884615384614,16.109999999999996,16.54028846153846
9.216981132075471,16.591923076923074,16.815673076923073,16.109999999999996,16.505865384615383
9.226415094339622,16.574711538461536,16.798461538461535,16.109999999999996,16.488653846153845
9.235849056603774,16.54028846153846,16.781249999999996,16.127211538461538,16.471442307692303
9.245283018867925,16.52307692307692,16.76403846153846,16.144423076923076,16.454230769230765
9.254716981132075,16.505865384615383,16.76403846153846,16.144423076923076,16.41980769230769
9.264150943396226,16.471442307692303,16.74682692307692,16.161634615384614,16.40259615384615
9.273584905660377,16.454230769230765,16.729615384615382,16.178846153846152,16.385384615384613
9.283018867924527,16.437019230769227,16.712403846153844,16.178846153846152,16.368173076923075
9.29245283018868,16.40259615384615,16.695192307692306,16.19605769230769,16.350961538461537
9.30188679245283,16.40259615384615,16.677980769230768,16.213269230769228,16.33375
9.31132075471698,16.385384615384613,16.695192307692306,16.230480769230766,16.31653846153846
9.320754716981131,16.350961538461537,16.695192307692306,16.247692307692304,16.29932692307692
9.330188679245282,16.19605769230769,16.695192307692306,16.31653846153846,16.264903846153842
9.339622641509434,16.144423076923076,16.712403846153844,16.31653846153846,16.247692307692304
9.349056603773585,16.092788461538458,16.729615384615382,16.33375,16.230480769230766
9.358490566037736,16.023942307692305,16.729615384615382,16.350961538461537,16.19605769230769
9.367924528301886,15.955096153846151,16.74682692307692,16.368173076923075,16.178846153846152
9.377358490566037,15.886249999999997,16.76403846153846,16.40259615384615,16.161634615384614
9.38679245283019,15.800192307692305,16.76403846153846,16.41980769230769,16.127211538461538
9.39622641509434,15.74855769230769,16.76403846153846,16.471442307692303,16.144423076923076
9.40566037735849,15.782980769230766,16.781249999999996,16.505865384615383,16.213269230769228
9.415094339622641,15.85182692307692,16.798461538461535,16.574711538461536,16.31653846153846
9.424528301886792,15.886249999999997,16.798461538461535,16.609134615384612,16.385384615384613
9.433962264150942,15.937884615384613,16.815673076923073,16.677980769230768,16.471442307692303
9.443396226415095,15.989519230769227,16.832884615384614,16.729615384615382,16.557499999999997
9.452830188679245,16.041153846153843,16.839769230769228,16.781249999999996,16.643557692307688
9.462264150943396,16.092788461538458,16.846653846153842,16.86730769230769,16.729615384615382
9.471698113207546,16.127211538461538,16.85353846153846,16.918942307692305,16.798461538461535
9.481132075471697,16.19605769230769,16.860423076923073,16.987788461538457,16.88451923076923
9.49056603773585,16.247692307692304,16.86730769230769,17.039423076923075,16.95336538461538
9.5,16.33375,16.88451923076923,17.039423076923075,16.987788461538457
9.50943396226415,16.437019230769227,16.86730769230769,17.039423076923075,16.97057692307692
9.518867924528301,16.54028846153846,16.832884615384614,17.004999999999995,16.936153846153843
9.528301886792452,16.643557692307688,16.798461538461535,16.97057692307692,16.901730769230767
9.537735849056604,16.677980769230768,16.76403846153846,16.95336538461538,16.86730769230769
9.547169811320755,16.97057692307692,16.729615384615382,16.918942307692305,16.832884615384614
9.556603773584905,17.004999999999995,16.66076923076923,16.88451923076923,16.781249999999996
9.566037735849056,17.09105769230769,16.62634615384615,16.850096153846152,16.729615384615382
9.575471698113207,17.194326923076922,16.591923076923074,16.832884615384614,16.695192307692306
9.584905660377357,17.280384615384612,16.557499999999997,16.815673076923073,16.66076923076923
9.59433962264151,17.332019230769227,16.52307692307692,16.781249999999996,16.62634615384615
9.60377358490566,17.31480769230769,16.488653846153845,16.76403846153846,16.591923076923074
9.61320754716981,17.280384615384612,16.471442307692303,16.74682692307692,16.574711538461536
9.622641509433961,17.263173076923074,16.454230769230765,16.729615384615382,16.557499999999997
9.632075471698112,17.228749999999998,16.41980769230769,16.695192307692306,16.557499999999997
9.641509433962264,17.21153846153846,16.41980769230769,16.695192307692306,16.557499999999997
9.650943396226415,17.17711538461538,16.40259615384615,16.677980769230768,16.557499999999997
9.660377358490566,17.142692307692304,16.385384615384613,16.66076923076923,16.557499999999997
9.669811320754716,17.108269230769228,16.385384615384613,16.66076923076923,16.557499999999997
9.679245283018867,17.09105769230769,16.350961538461537,16.62634615384615,16.557499999999997
9.68867924528302,17.056634615384613,16.350961538461537,16.62634615384615,16.557499999999997
9.69811320754717,17.039423076923075,16.33375,16.609134615384612,16.557499999999997
9.70754716981132,17.004999999999995,16.33375,16.591923076923074,16.54028846153846
9.716981132075471,16.95336538461538,16.29932692307692,16.591923076923074,16.54028846153846
9.726415094339622,16.88451923076923,16.28211538461538,16.57126923076923,16.54028846153846
9.735849056603774,16.815673076923073,16.264903846153842,16.550615384615384,16.54028846153846
9.745283018867925,16.74682692307692,16.230480769230766,16.529961538461535,16.54028846153846
9.754716981132075,16.677980769230768,16.213269230769228,16.50930769230769,16.54028846153846
9.764150943396226,16.62634615384615,16.19605769230769,16.488653846153845,16.54028846153846
9.773584905660377,16.591923076923074,16.161634615384614,16.488653846153845,16.54028846153846
9.783018867924527,16.41980769230769,16.144423076923076,16.471442307692303,16.54028846153846
9.79245283018868,16.385384615384613,16.127211538461538,16.454230769230765,16.54028846153846
9.80188679245283,16.31653846153846,16.109999999999996,16.437019230769227,16.54028846153846
9.81132075471698,16.28211538461538,16.144423076923076,16.454230769230765,16.52307692307692
9.820754716981131,16.247692307692304,16.161634615384614,16.454230769230765,16.505865384615383
9.830188679245282,16.22474358974359,16.19605769230769,16.454230769230765,16.488653846153845
9.839622641509434,16.201794871794867,16.213269230769228,16.471442307692303,16.471442307692303
9.849056603773585,16.178846153846152,16.247692307692304,16.488653846153845,16.454230769230765
9.858490566037736,16.178846153846152,16.28211538461538,16.488653846153845,16.454230769230765
9.867924528301886,16.178846153846152,16.29932692307692,16.488653846153845,16.437019230769227
9.877358490566037,16.144423076923076,16.33375,16.488653846153845,16.41980769230769
9.88679245283019,16.144423076923076,16.33375,16.488653846153845,16.40259615384615
9.89622641509434,16.161634615384614,16.385384615384613,16.505865384615383,16.385384615384613
9.90566037735849,16.247692307692304,16.471442307692303,16.52307692307692,16.385384615384613
9.915094339622641,16.31653846153846,16.52307692307692,16.52307692307692,16.41980769230769
9.924528301886792,16.368173076923075,16.591923076923074,16.52307692307692,16.454230769230765
9.933962264150942,16.41980769230769,16.66076923076923,16.52307692307692,16.488653846153845
9.943396226415095,16.557499999999997,16.729615384615382,16.52307692307692,16.505865384615383
9.952830188679245,16.609134615384612,16.798461538461535,16.52307692307692,16.54028846153846
9.962264150943396,16.66076923076923,16.86730769230769,16.52307692307692,16.557499999999997
9.971698113207546,16.729615384615382,16.936153846153843,16.52307692307692,16.591923076923074
9.981132075471697,16.798461538461535,17.004999999999995,16.52307692307692,16.62634615384615
9.99056603773585,16.86730769230769,17.07384615384615,16.52307692307692,16.66076923076923
10.0,16.901730769230767,17.108269230769228,16.54028846153846,16.66076923076923
